dominante_id,regla_id,posicion,regla,consecuente,metodo_similitud,variables_antecedente,numero_condiciones,fitness,soporte_XY,confianza,lift,factor_certeza,miembros_familia_jaccard,numero_semillas,numero_tamanos_enjambre,tamanos_enjambre,semillas,proporcion_semillas,nivel_estabilidad,es_reproducible,orden_estabilidad
RD_REP_001,RD_0459,459,colesterol = arriba_de_lo_normal => enfermedad_cardiovascular = si,si,gaussiana,colesterol,1,0.09532200110558323,0.093,0.6458333333333334,1.2981574539363485,0.29519071310116096,12,2,3,"50, 100, 500","13, 55",1.0,alta,True,0
RD_REP_002,RD_0458,458,colesterol = arriba_de_lo_normal => enfermedad_cardiovascular = si,si,triangular,colesterol,1,0.09532200110558323,0.093,0.6458333333333334,1.2981574539363485,0.29519071310116096,10,2,3,"50, 100, 500","13, 55",1.0,alta,True,0
RD_REP_003,RD_0076,76,colesterol = muy_arriba_de_lo_normal => enfermedad_cardiovascular = si,si,triangular,colesterol,1,0.18517654666352842,0.0855,0.7467248908296944,1.5009545544315466,0.4959699319993919,8,2,3,"50, 100, 500","13, 55",1.0,alta,True,0
RD_REP_004,RD_0077,77,colesterol = muy_arriba_de_lo_normal => enfermedad_cardiovascular = si,si,gaussiana,colesterol,1,0.18517654666352842,0.0855,0.7467248908296944,1.5009545544315466,0.4959699319993919,8,2,3,"50, 100, 500","13, 55",1.0,alta,True,0
RD_REP_005,RD_0561,561,glucosa = muy_arriba_de_lo_normal => enfermedad_cardiovascular = si,si,gaussiana,glucosa,1,0.08498568992748552,0.0525,0.6325301204819277,1.2714173276018648,0.26871665767547803,5,2,2,"100, 500","13, 55",1.0,alta,True,0
RD_REP_006,RD_0735,735,colesterol = arriba_de_lo_normal Y actividad_fisica = si => enfermedad_cardiovascular = si,si,triangular,"actividad_fisica, colesterol",2,0.06599023832984809,0.0735,0.6504424778761061,1.3074220660826252,0.3043631400519525,5,2,3,"50, 100, 500","13, 55",1.0,alta,True,0
RD_REP_007,RD_0736,736,colesterol = arriba_de_lo_normal Y actividad_fisica = si => enfermedad_cardiovascular = si,si,gaussiana,"actividad_fisica, colesterol",2,0.06599023832984809,0.0735,0.6504424778761061,1.3074220660826252,0.3043631400519525,5,2,3,"50, 100, 500","13, 55",1.0,alta,True,0
RD_REP_008,RD_1180,1180,sexo = mujer Y colesterol = normal Y alcohol = no Y actividad_fisica = no => enfermedad_cardiovascular = no,no,triangular,"actividad_fisica, alcohol, colesterol, sexo",4,0.02508778460202249,0.0545,0.6055555555555556,1.2050856826976233,0.20714684533780034,5,2,1,500,"13, 55",1.0,alta,True,0
RD_REP_009,RD_1181,1181,sexo = mujer Y colesterol = normal Y alcohol = no Y actividad_fisica = no => enfermedad_cardiovascular = no,no,gaussiana,"actividad_fisica, alcohol, colesterol, sexo",4,0.02508778460202249,0.0545,0.6055555555555556,1.2050856826976233,0.20714684533780034,5,2,1,500,"13, 55",1.0,alta,True,0
RD_REP_010,RD_0138,138,edad_anios cercana a 42.31 con radio ±4.28 => enfermedad_cardiovascular = no,no,triangular,edad_anios,1,0.15314270713645992,0.07390111867052196,0.7154736057125678,1.4238280710697868,0.42808764967350316,4,2,3,"50, 100, 500","13, 55",1.0,alta,True,0
RD_REP_011,RD_0146,146,presion_sistolica cercana a 102.00 con radio ±27.78 => enfermedad_cardiovascular = no,no,triangular,presion_sistolica,1,0.14741922649021053,0.19407998750010744,0.709298788730807,1.4115398780712578,0.4156759572478533,4,2,3,"50, 100, 500","13, 55",1.0,alta,True,0
RD_REP_012,RD_0560,560,glucosa = muy_arriba_de_lo_normal => enfermedad_cardiovascular = si,si,triangular,glucosa,1,0.08498568992748552,0.0525,0.6325301204819277,1.2714173276018648,0.26871665767547803,4,2,2,"100, 500","13, 55",1.0,alta,True,0
RD_REP_013,RD_0819,819,sexo = mujer Y colesterol = arriba_de_lo_normal => enfermedad_cardiovascular = si,si,triangular,"colesterol, sexo",2,0.05617342649632727,0.066,0.6315789473684211,1.2695054218460726,0.2668237758575545,4,2,3,"50, 100, 500","13, 55",1.0,alta,True,0
RD_REP_014,RD_0820,820,sexo = mujer Y colesterol = arriba_de_lo_normal => enfermedad_cardiovascular = si,si,gaussiana,"colesterol, sexo",2,0.05617342649632727,0.066,0.6315789473684211,1.2695054218460726,0.2668237758575545,4,2,3,"50, 100, 500","13, 55",1.0,alta,True,0
RD_REP_015,RD_0018,18,presion_diastolica cercana a 99.85 con radio ±3.20 => enfermedad_cardiovascular = si,si,gaussiana,presion_diastolica,1,0.3273486086526579,0.051457551134935296,0.8739395026277402,1.7566623168396789,0.7491333385626672,3,2,1,500,"13, 55",1.0,alta,True,0
RD_REP_016,RD_0017,17,presion_diastolica cercana a 99.85 con radio ±3.20 => enfermedad_cardiovascular = si,si,triangular,presion_diastolica,1,0.3277960558633647,0.04965821298355908,0.8742990377601755,1.7573850005229659,0.7498488313635334,2,2,1,500,"13, 55",1.0,alta,True,0
RD_REP_017,RD_0039,39,presion_sistolica cercana a 102.00 con radio ±12.57 => enfermedad_cardiovascular = no,no,gaussiana,presion_sistolica,1,0.23554421306841677,0.04023852295563673,0.7966792387680318,1.5854313209314068,0.591315052800064,2,2,1,500,"13, 55",1.0,alta,True,0
RD_REP_018,RD_0052,52,presion_sistolica cercana a 102.00 con radio ±12.57 => enfermedad_cardiovascular = no,no,triangular,presion_sistolica,1,0.2168431444794727,0.05896800424895615,0.779346100399421,1.5509375132326788,0.5564745736671779,2,2,1,500,"13, 55",1.0,alta,True,0
RD_REP_019,RD_0247,247,presion_sistolica cercana a 102.00 con radio ±14.32 Y colesterol = normal Y fumador = no Y alcohol = no => enfermedad_cardiovascular = no,no,gaussiana,"alcohol, colesterol, fumador, presion_sistolica",4,0.12449670254253115,0.037912677864099104,0.8618334177854375,1.7150913786774877,0.7222782267043971,2,2,1,500,"13, 55",1.0,alta,True,0
RD_REP_020,RD_0250,250,colesterol = muy_arriba_de_lo_normal Y fumador = no => enfermedad_cardiovascular = si,si,triangular,"colesterol, fumador",2,0.12319781224750727,0.0765,0.7463414634146341,1.5001838460595662,0.4952068923674312,2,2,1,500,"13, 55",1.0,alta,True,0
RD_REP_021,RD_0251,251,colesterol = muy_arriba_de_lo_normal Y fumador = no => enfermedad_cardiovascular = si,si,gaussiana,"colesterol, fumador",2,0.12319781224750727,0.0765,0.7463414634146341,1.5001838460595662,0.4952068923674312,2,2,1,500,"13, 55",1.0,alta,True,0
RD_REP_022,RD_0279,279,presion_sistolica cercana a 111.46 con radio ±24.60 => enfermedad_cardiovascular = no,no,gaussiana,presion_sistolica,1,0.11945370658026984,0.25996699426324127,0.6778446560229845,1.3489445891004668,0.3524515698954463,2,2,1,500,"13, 55",1.0,alta,True,0
RD_REP_023,RD_0282,282,presion_sistolica cercana a 158.00 con radio ±15.15 Y sexo = mujer Y colesterol = normal Y glucosa = normal => enfermedad_cardiovascular = si,si,gaussiana,"colesterol, glucosa, presion_sistolica, sexo",4,0.11909169611051916,0.016637293777696967,0.849661348684379,1.707862007405787,0.700818604347023,2,2,1,500,"13, 55",1.0,alta,True,0
RD_REP_024,RD_0311,311,presion_sistolica cercana a 102.00 con radio ±14.32 Y colesterol = normal Y fumador = no Y alcohol = no => enfermedad_cardiovascular = no,no,triangular,"alcohol, colesterol, fumador, presion_sistolica",4,0.11571963160627884,0.053085705036434505,0.8436849298620217,1.6789749848000435,0.6857988539940135,2,2,1,500,"13, 55",1.0,alta,True,0
RD_REP_025,RD_0356,356,presion_sistolica cercana a 111.46 con radio ±24.60 => enfermedad_cardiovascular = no,no,triangular,presion_sistolica,1,0.10830249302487766,0.28946418891224596,0.6646354654674657,1.3226576427213248,0.32590043310043354,2,2,1,500,"13, 55",1.0,alta,True,0
RD_REP_026,RD_0498,498,presion_sistolica cercana a 102.00 con radio ±15.43 Y glucosa = normal Y alcohol = no Y actividad_fisica = no => enfermedad_cardiovascular = no,no,triangular,"actividad_fisica, alcohol, glucosa, presion_sistolica",4,0.09063934646468201,0.011911372214584645,0.7884575360890765,1.5690697235603515,0.5747890172644755,2,2,1,500,"13, 55",1.0,alta,True,0
RD_REP_027,RD_0732,732,presion_diastolica cercana a 73.27 con radio ±19.49 => enfermedad_cardiovascular = no,no,gaussiana,presion_diastolica,1,0.06647748486602642,0.2718532211443007,0.6107936829394952,1.2155098167950156,0.2176757446020005,2,2,1,500,"13, 55",1.0,alta,True,0
RD_REP_028,RD_0763,763,colesterol = arriba_de_lo_normal Y fumador = no => enfermedad_cardiovascular = si,si,gaussiana,"colesterol, fumador",2,0.06325829025042108,0.0855,0.6452830188679245,1.2970512942068835,0.2940955599361682,2,2,1,500,"13, 55",1.0,alta,True,0
RD_REP_029,RD_1037,1037,edad_anios cercana a 52.27 con radio ±2.26 Y colesterol = normal Y glucosa = normal Y alcohol = no => enfermedad_cardiovascular = no,no,gaussiana,"alcohol, colesterol, edad_anios, glucosa",4,0.0361675582590963,0.0339071727790334,0.6425214705540158,1.2786496926448077,0.28145019206837346,2,2,2,"100, 500","13, 55",1.0,alta,True,0
RD_REP_030,RD_1105,1105,edad_anios cercana a 52.27 con radio ±2.26 Y colesterol = normal Y glucosa = normal Y alcohol = no => enfermedad_cardiovascular = no,no,triangular,"alcohol, colesterol, edad_anios, glucosa",4,0.03162183618043363,0.039139959154178575,0.6277946587044206,1.249342604386907,0.2518485602098908,2,2,2,"100, 500","13, 55",1.0,alta,True,0
RD_REP_031,RD_1119,1119,altura_cm cercana a 159.77 con radio ±5.83 Y sexo = mujer Y colesterol = normal Y actividad_fisica = no => enfermedad_cardiovascular = no,no,gaussiana,"actividad_fisica, altura_cm, colesterol, sexo",4,0.029983799866576722,0.013385447679834453,0.6223446842358559,1.2384968840514545,0.24089383766001188,2,2,1,500,"13, 55",1.0,alta,True,0
RD_REP_032,RD_1139,1139,altura_cm cercana a 159.77 con radio ±5.83 Y sexo = mujer Y colesterol = normal Y actividad_fisica = no => enfermedad_cardiovascular = no,no,triangular,"actividad_fisica, altura_cm, colesterol, sexo",4,0.028403773736703736,0.015953994678573072,0.6170107820284325,1.2278821532904132,0.23017242618780412,2,2,1,500,"13, 55",1.0,alta,True,0
