regla_id_dominante,soporte_busqueda,confianzas_superadas,mejor_confianza_minima,particula,metodo_similitud,consecuente_dominante,consecuente_anomalo,Z,numero_condiciones_Z,fitness,soporte_anomalo,confianza_anomala,confianza_inversa,cf_directo,cf_inverso
RD_1105,0.0005,0.60,0.6,3,triangular,0,1,"altura_cm(c=0.478, r=0.104) Y presion_diastolica(c=0.513, r=0.089) Y actividad_fisica=1",3,0.003114204903555453,0.001893632606803601,0.6073508188544678,0.08160379766079695,0.37455794549790866,0.03325738984835222
RD_1105,0.001,0.60,0.6,3,triangular,0,1,"altura_cm(c=0.478, r=0.104) Y presion_diastolica(c=0.513, r=0.089) Y actividad_fisica=1",3,0.003114204903555453,0.001893632606803601,0.6073508188544678,0.08160379766079695,0.37455794549790866,0.03325738984835222
RD_0458,0.0005,0.60,0.6,1,triangular,1,0,"altura_cm(c=0.477, r=0.095) Y presion_sistolica(c=0.497, r=0.095) Y glucosa=2",3,0.002301401883192044,0.0021369170088137578,0.6557218550991992,0.04190033350615211,0.466924162734244,0.019715423333119878
RD_0458,0.001,0.60,0.6,1,triangular,1,0,"altura_cm(c=0.477, r=0.095) Y presion_sistolica(c=0.497, r=0.095) Y glucosa=2",3,0.002301401883192044,0.0021369170088137578,0.6557218550991992,0.04190033350615211,0.466924162734244,0.019715423333119878
RD_0458,0.002,0.60,0.6,1,triangular,1,0,"altura_cm(c=0.477, r=0.095) Y presion_sistolica(c=0.497, r=0.095) Y glucosa=2",3,0.002301401883192044,0.0021369170088137578,0.6557218550991992,0.04190033350615211,0.466924162734244,0.019715423333119878
RD_1037,0.0005,0.60,0.6,3,gaussiana,0,1,"altura_cm(c=0.478, r=0.104) Y presion_diastolica(c=0.513, r=0.089) Y actividad_fisica=1",3,0.0017264295421330672,0.0006762267096422632,0.6349938542627847,0.03584581204108666,0.43191603321444205,0.01598856638207651
RD_0459,0.0005,0.60,0.6,1,gaussiana,1,0,"altura_cm(c=0.477, r=0.095) Y presion_sistolica(c=0.497, r=0.095) Y glucosa=2",3,0.0013034080923175373,0.0013074181628620822,0.6426371671249308,0.02563565025219769,0.4466640007095703,0.011672380941799147
RD_0459,0.001,0.60,0.6,1,gaussiana,1,0,"altura_cm(c=0.477, r=0.095) Y presion_sistolica(c=0.497, r=0.095) Y glucosa=2",3,0.0013034080923175373,0.0013074181628620822,0.6426371671249308,0.02563565025219769,0.4466640007095703,0.011672380941799147
RD_0146,0.0005,0.60,0.6,1,triangular,0,1,"edad_anios(c=0.506, r=0.102) Y presion_diastolica(c=0.497, r=0.095) Y glucosa=2",3,0.0007853324896510356,0.0009713201078766214,0.6283444081014048,0.012211359042858671,0.4760239298256494,0.006599100931238266
