indice_dominante,regla_id_dominante,metodo_similitud,consecuente_dominante,soporte_minimo,estado,tiempo_segundos,gbest_fitness,soporte_anomalo_gbest,confianza_anomala_gbest,confianza_inversa_gbest,cf_directo_gbest,cf_inverso_gbest,numero_condiciones_gbest,pbest_fitness_positivo,pbest_aceptados_conf_60,pbest_aceptados_conf_70,pbest_aceptados_conf_80
0,RD_0459,gaussiana,1,0.0005,ejecutado,0.005661,0.0013034080923175373,0.0013074181628620822,0.6426371671249308,0.02563565025219769,0.4466640007095703,0.011672380941799147,3,2,1,0,0
0,RD_0459,gaussiana,1,0.001,ejecutado,0.007272,0.0013034080923175373,0.0013074181628620822,0.6426371671249308,0.02563565025219769,0.4466640007095703,0.011672380941799147,3,2,1,0,0
0,RD_0459,gaussiana,1,0.002,ejecutado,0.007992,0.000852049706758683,0.0013074181628620822,0.6426371671249308,0.02563565025219769,0.4466640007095703,0.011672380941799147,3,2,0,0,0
1,RD_0458,triangular,1,0.0005,ejecutado,0.005021,0.002301401883192044,0.0021369170088137578,0.6557218550991992,0.04190033350615211,0.466924162734244,0.019715423333119878,3,2,1,0,0
1,RD_0458,triangular,1,0.001,ejecutado,0.005105,0.002301401883192044,0.0021369170088137578,0.6557218550991992,0.04190033350615211,0.466924162734244,0.019715423333119878,3,2,1,0,0
1,RD_0458,triangular,1,0.002,ejecutado,0.006308,0.002301401883192044,0.0021369170088137578,0.6557218550991992,0.04190033350615211,0.466924162734244,0.019715423333119878,3,2,1,0,0
2,RD_0076,triangular,1,0.0005,ejecutado,0.005635,4.553165079443506e-05,0.0008439730239592082,0.28959090701077905,0.029102518067558904,0.04863343687408425,0.0037448844845014793,3,1,0,0,0
2,RD_0076,triangular,1,0.001,ejecutado,0.005316,3.842748500683405e-05,0.0008439730239592082,0.28959090701077905,0.029102518067558904,0.04863343687408425,0.0037448844845014793,3,1,0,0,0
2,RD_0076,triangular,1,0.002,ejecutado,0.004903,1.9213742503417024e-05,0.0008439730239592082,0.28959090701077905,0.029102518067558904,0.04863343687408425,0.0037448844845014793,3,1,0,0,0
3,RD_0077,gaussiana,1,0.0005,ejecutado,0.004921,0.0005150586886653292,0.0008511437850287364,0.3959875694047398,0.029349785690646085,0.19111785610342347,0.010779917673136833,3,1,0,0,0
3,RD_0077,gaussiana,1,0.001,ejecutado,0.005204,0.0004383890017825458,0.0008511437850287364,0.3959875694047398,0.029349785690646085,0.19111785610342347,0.010779917673136833,3,1,0,0,0
3,RD_0077,gaussiana,1,0.002,ejecutado,0.005335,0.0002191945008912729,0.0008511437850287364,0.3959875694047398,0.029349785690646085,0.19111785610342347,0.010779917673136833,3,1,0,0,0
4,RD_0561,gaussiana,1,0.0005,ejecutado,0.005653,0.0017920572628897238,0.000491193284746093,0.8631126433707001,0.01610469786052764,0.7835876076146308,0.009311977087221894,3,3,0,0,0
4,RD_0561,gaussiana,1,0.001,ejecutado,0.005233,0.0008960286314448619,0.000491193284746093,0.8631126433707001,0.01610469786052764,0.7835876076146308,0.009311977087221894,3,3,0,0,0
4,RD_0561,gaussiana,1,0.002,ejecutado,0.005244,0.00044801431572243094,0.000491193284746093,0.8631126433707001,0.01610469786052764,0.7835876076146308,0.009311977087221894,3,3,0,0,0
5,RD_0735,triangular,1,0.0005,ejecutado,0.004691,2.6119494366089283e-05,0.0015,0.375,0.0379746835443038,0.03911564625850342,0.0026710022064800856,3,2,0,0,0
5,RD_0735,triangular,1,0.001,ejecutado,0.004704,2.6119494366089283e-05,0.0015,0.375,0.0379746835443038,0.03911564625850342,0.0026710022064800856,3,2,0,0,0
5,RD_0735,triangular,1,0.002,ejecutado,0.005094,1.9589620774566962e-05,0.0015,0.375,0.0379746835443038,0.03911564625850342,0.0026710022064800856,3,2,0,0,0
6,RD_0736,gaussiana,1,0.0005,ejecutado,0.004712,2.6119494366089283e-05,0.0015,0.375,0.0379746835443038,0.03911564625850342,0.0026710022064800856,3,2,0,0,0
6,RD_0736,gaussiana,1,0.001,ejecutado,0.00536,2.6119494366089283e-05,0.0015,0.375,0.0379746835443038,0.03911564625850342,0.0026710022064800856,3,2,0,0,0
6,RD_0736,gaussiana,1,0.002,ejecutado,0.006245,1.9589620774566962e-05,0.0015,0.375,0.0379746835443038,0.03911564625850342,0.0026710022064800856,3,2,0,0,0
7,RD_1180,triangular,0,0.0005,ejecutado,0.004186,0.0004848191142275914,0.0013932007240707324,0.5169406434781169,0.03924509081889387,0.20228730115652324,0.009586743437789095,3,2,0,0,0
7,RD_1180,triangular,0,0.001,ejecutado,0.004294,0.0004848191142275914,0.0013932007240707324,0.5169406434781169,0.03924509081889387,0.20228730115652324,0.009586743437789095,3,2,0,0,0
7,RD_1180,triangular,0,0.002,ejecutado,0.004427,0.00033772517049260575,0.0013932007240707324,0.5169406434781169,0.03924509081889387,0.20228730115652324,0.009586743437789095,3,2,0,0,0
8,RD_1181,gaussiana,0,0.0005,ejecutado,0.005147,0.00020090134664657713,0.0008996953671544907,0.49049768712680586,0.025343531469140583,0.15862003378738582,0.005066228819894596,3,2,0,0,0
8,RD_1181,gaussiana,0,0.001,ejecutado,0.004432,0.0001807500108330238,0.0008996953671544907,0.49049768712680586,0.025343531469140583,0.15862003378738582,0.005066228819894596,3,2,0,0,0
8,RD_1181,gaussiana,0,0.002,ejecutado,0.004359,0.0001042821636236705,0.001444831191148002,0.4369655619157346,0.04069947017318316,0.07021835912690119,0.0041115184108660024,1,2,0,0,0
9,RD_0138,triangular,0,0.0005,ejecutado,0.004625,0.0,0.0,0.0,0.0,-1.0,0.0,3,0,0,0,0
9,RD_0138,triangular,0,0.001,ejecutado,0.004738,0.0,0.0,0.0,0.0,-1.0,0.0,3,0,0,0,0
9,RD_0138,triangular,0,0.002,ejecutado,0.005189,0.0,0.0,0.0,0.0,-1.0,0.0,3,0,0,0,0
10,RD_0146,triangular,0,0.0005,ejecutado,0.00576,0.0007853324896510356,0.0009713201078766214,0.6283444081014048,0.012211359042858671,0.4760239298256494,0.006599100931238266,3,2,1,0,0
10,RD_0146,triangular,0,0.001,ejecutado,0.005204,0.0007628092385668596,0.0009713201078766214,0.6283444081014048,0.012211359042858671,0.4760239298256494,0.006599100931238266,3,2,0,0,0
10,RD_0146,triangular,0,0.002,ejecutado,0.004946,0.0003814046192834298,0.0009713201078766214,0.6283444081014048,0.012211359042858671,0.4760239298256494,0.006599100931238266,3,2,0,0,0
11,RD_0560,triangular,1,0.0005,ejecutado,0.004875,0.0011628453154993508,0.0014550061472428045,0.5484161814011728,0.0477051195817313,0.286067486786616,0.016259734072704916,3,2,0,0,0
11,RD_0560,triangular,1,0.001,ejecutado,0.007332,0.0011628453154993508,0.0014550061472428045,0.5484161814011728,0.0477051195817313,0.286067486786616,0.016259734072704916,3,2,0,0,0
11,RD_0560,triangular,1,0.002,ejecutado,0.004984,0.0008459735411720269,0.0014550061472428045,0.5484161814011728,0.0477051195817313,0.286067486786616,0.016259734072704916,3,2,0,0,0
12,RD_0819,triangular,1,0.0005,ejecutado,0.00456,0.0005823599132603156,0.0008441605045624143,0.5610432264174038,0.02192624687175102,0.3049851084942227,0.007637879975655889,3,1,0,0,0
12,RD_0819,triangular,1,0.001,ejecutado,0.005294,0.0004916052382147518,0.0008441605045624143,0.5610432264174038,0.02192624687175102,0.3049851084942227,0.007637879975655889,3,1,0,0,0
12,RD_0819,triangular,1,0.002,ejecutado,0.004725,0.0002458026191073759,0.0008441605045624143,0.5610432264174038,0.02192624687175102,0.3049851084942227,0.007637879975655889,3,1,0,0,0
13,RD_0820,gaussiana,1,0.0005,ejecutado,0.004813,0.00037416486985618536,0.00040530895626058315,0.6322425150299892,0.010527505357417744,0.4177173154641496,0.0044200209332887225,3,1,0,0,0
13,RD_0820,gaussiana,1,0.001,ejecutado,0.005012,0.00018708243492809268,0.00040530895626058315,0.6322425150299892,0.010527505357417744,0.4177173154641496,0.0044200209332887225,3,1,0,0,0
13,RD_0820,gaussiana,1,0.002,ejecutado,0.004811,9.354121746404634e-05,0.00040530895626058315,0.6322425150299892,0.010527505357417744,0.4177173154641496,0.0044200209332887225,3,1,0,0,0
14,RD_0018,gaussiana,1,0.0005,ejecutado,0.004815,0.0007186149801663938,0.0009896588143113927,0.18181818181818182,0.13333333333333333,0.06380039382391028,0.045053952622911904,3,1,0,0,0
14,RD_0018,gaussiana,1,0.001,ejecutado,0.005332,0.0007111836492178782,0.0009896588143113927,0.18181818181818182,0.13333333333333333,0.06380039382391028,0.045053952622911904,3,1,0,0,0
14,RD_0018,gaussiana,1,0.002,ejecutado,0.004913,0.0003555918246089391,0.0009896588143113927,0.18181818181818182,0.13333333333333333,0.06380039382391028,0.045053952622911904,3,1,0,0,0
15,RD_0017,triangular,1,0.0005,ejecutado,0.004786,0.0007274017066187266,0.0009519374776140397,0.18181818181818185,0.13333333333333336,0.06418538412454541,0.04533129880206218,3,1,0,0,0
15,RD_0017,triangular,1,0.001,ejecutado,0.005403,0.0006924409458107782,0.0009519374776140397,0.18181818181818185,0.13333333333333336,0.06418538412454541,0.04533129880206218,3,1,0,0,0
15,RD_0017,triangular,1,0.002,ejecutado,0.005351,0.0003462204729053891,0.0009519374776140397,0.18181818181818185,0.13333333333333336,0.06418538412454541,0.04533129880206218,3,1,0,0,0
16,RD_0039,gaussiana,0,0.0005,ejecutado,0.005028,7.109303026845586e-06,2.5693140944035976e-05,0.5,0.002501940293200576,0.3723948414004241,0.0014860593893975445,3,1,0,0,0
16,RD_0039,gaussiana,0,0.001,ejecutado,0.006991,3.554651513422793e-06,2.5693140944035976e-05,0.5,0.002501940293200576,0.3723948414004241,0.0014860593893975445,3,1,0,0,0
16,RD_0039,gaussiana,0,0.002,ejecutado,0.005214,1.7773257567113965e-06,2.5693140944035976e-05,0.5,0.002501940293200576,0.3723948414004241,0.0014860593893975445,3,1,0,0,0
17,RD_0052,triangular,0,0.0005,ejecutado,0.005098,5.3020926488092975e-05,9.390860145642116e-05,0.5,0.005624808003777929,0.3584365152481727,0.0031503564030602314,3,1,0,0,0
17,RD_0052,triangular,0,0.001,ejecutado,0.004799,2.6510463244046487e-05,9.390860145642116e-05,0.5,0.005624808003777929,0.3584365152481727,0.0031503564030602314,3,1,0,0,0
17,RD_0052,triangular,0,0.002,ejecutado,0.005434,1.3255231622023244e-05,9.390860145642116e-05,0.5,0.005624808003777929,0.3584365152481727,0.0031503564030602314,3,1,0,0,0
18,RD_0247,gaussiana,0,0.0005,ejecutado,0.004495,0.005700437987976898,0.0003768521034196394,0.5522618929576502,0.06200215694667769,0.4804818450961727,0.047222780872614535,2,3,0,0,0
18,RD_0247,gaussiana,0,0.001,ejecutado,0.005756,0.002850218993988449,0.0003768521034196394,0.5522618929576502,0.06200215694667769,0.4804818450961727,0.047222780872614535,2,3,0,0,0
18,RD_0247,gaussiana,0,0.002,ejecutado,0.004668,0.0014251094969942246,0.0003768521034196394,0.5522618929576502,0.06200215694667769,0.4804818450961727,0.047222780872614535,2,3,0,0,0
19,RD_0250,triangular,1,0.0005,ejecutado,0.004431,0.0,0.0,0.0,0.0,-1.0,0.0,3,0,0,0,0
19,RD_0250,triangular,1,0.001,ejecutado,0.005595,0.0,0.0,0.0,0.0,-1.0,0.0,3,0,0,0,0
19,RD_0250,triangular,1,0.002,ejecutado,0.004804,0.0,0.0,0.0,0.0,-1.0,0.0,3,0,0,0,0
20,RD_0251,gaussiana,1,0.0005,ejecutado,0.005083,0.0,0.0,0.0,0.0,-1.0,0.0,3,0,0,0,0
20,RD_0251,gaussiana,1,0.001,ejecutado,0.004666,0.0,0.0,0.0,0.0,-1.0,0.0,3,0,0,0,0
20,RD_0251,gaussiana,1,0.002,ejecutado,0.004686,0.0,0.0,0.0,0.0,-1.0,0.0,3,0,0,0,0
21,RD_0279,gaussiana,0,0.0005,ejecutado,0.005024,0.0002326782753713613,0.0012023331829674854,0.5019905314091326,0.009731313346890655,0.2653044260719512,0.0035080948903318844,3,2,0,0,0
21,RD_0279,gaussiana,0,0.001,ejecutado,0.006955,0.0002326782753713613,0.0012023331829674854,0.5019905314091326,0.009731313346890655,0.2653044260719512,0.0035080948903318844,3,2,0,0,0
21,RD_0279,gaussiana,0,0.002,ejecutado,0.00539,0.00013987840571731697,0.0012023331829674854,0.5019905314091326,0.009731313346890655,0.2653044260719512,0.0035080948903318844,3,2,0,0,0
22,RD_0282,gaussiana,1,0.0005,ejecutado,0.004256,2.0070667688495677e-06,2.701324412404132e-05,0.19504305997401888,0.009176335227224866,0.052614384222159034,0.0021182238031986125,2,1,0,0,0
22,RD_0282,gaussiana,1,0.001,ejecutado,0.004822,1.0035333844247838e-06,2.701324412404132e-05,0.19504305997401888,0.009176335227224866,0.052614384222159034,0.0021182238031986125,2,1,0,0,0
22,RD_0282,gaussiana,1,0.002,ejecutado,0.004384,5.017666922123919e-07,2.701324412404132e-05,0.19504305997401888,0.009176335227224866,0.052614384222159034,0.0021182238031986125,2,1,0,0,0
23,RD_0311,triangular,0,0.0005,ejecutado,0.004321,0.00863903156297745,0.0006881978478060806,0.576847398005352,0.0699705298085495,0.4984471252036569,0.05199567492408161,2,3,0,0,0
23,RD_0311,triangular,0,0.001,ejecutado,0.004439,0.005945362928769881,0.0006881978478060806,0.576847398005352,0.0699705298085495,0.4984471252036569,0.05199567492408161,2,3,0,0,0
23,RD_0311,triangular,0,0.002,ejecutado,0.004674,0.0029726814643849407,0.0006881978478060806,0.576847398005352,0.0699705298085495,0.4984471252036569,0.05199567492408161,2,3,0,0,0
24,RD_0356,triangular,0,0.0005,ejecutado,0.004873,0.0003050648964100336,0.001205458944194736,0.571842385392913,0.008253230219939232,0.3558008309021758,0.00342961421013554,3,2,0,0,0
24,RD_0356,triangular,0,0.001,ejecutado,0.005284,0.0003050648964100336,0.001205458944194736,0.571842385392913,0.008253230219939232,0.3558008309021758,0.00342961421013554,3,2,0,0,0
24,RD_0356,triangular,0,0.002,ejecutado,0.005469,0.00018387160396865783,0.001205458944194736,0.571842385392913,0.008253230219939232,0.3558008309021758,0.00342961421013554,3,2,0,0,0
25,RD_0498,triangular,0,0.0005,ejecutado,0.004614,0.012150068700986453,0.00074890643085957,0.4265636514332501,0.2343400477063788,0.2727111831397785,0.13365864092297514,2,3,0,0,0
25,RD_0498,triangular,0,0.001,ejecutado,0.004325,0.009099264585554337,0.00074890643085957,0.4265636514332501,0.2343400477063788,0.2727111831397785,0.13365864092297514,2,3,0,0,0
25,RD_0498,triangular,0,0.002,ejecutado,0.004442,0.0045496322927771685,0.00074890643085957,0.4265636514332501,0.2343400477063788,0.2727111831397785,0.13365864092297514,2,3,0,0,0
26,RD_0732,gaussiana,0,0.0005,ejecutado,0.006178,0.0002512593587986099,0.002074988547612802,0.5575327139215318,0.011978319062698056,0.2755863421031834,0.0036469058209645942,3,2,0,0,0
26,RD_0732,gaussiana,0,0.001,ejecutado,0.007153,0.0002512593587986099,0.002074988547612802,0.5575327139215318,0.011978319062698056,0.2755863421031834,0.0036469058209645942,3,2,0,0,0
26,RD_0732,gaussiana,0,0.002,ejecutado,0.005174,0.0002512593587986099,0.002074988547612802,0.5575327139215318,0.011978319062698056,0.2755863421031834,0.0036469058209645942,3,2,0,0,0
27,RD_0763,gaussiana,1,0.0005,ejecutado,0.004674,0.00015685545696342146,0.00040530895626058315,0.5292966404203453,0.00862359481405496,0.27054742521281583,0.0028608825070029816,3,1,0,0,0
27,RD_0763,gaussiana,1,0.001,ejecutado,0.005332,7.842772848171073e-05,0.00040530895626058315,0.5292966404203453,0.00862359481405496,0.27054742521281583,0.0028608825070029816,3,1,0,0,0
27,RD_0763,gaussiana,1,0.002,ejecutado,0.004797,3.9213864240855366e-05,0.00040530895626058315,0.5292966404203453,0.00862359481405496,0.27054742521281583,0.0028608825070029816,3,1,0,0,0
28,RD_1037,gaussiana,0,0.0005,ejecutado,0.004281,0.0017264295421330672,0.0006762267096422632,0.6349938542627847,0.03584581204108666,0.43191603321444205,0.01598856638207651,3,2,1,0,0
28,RD_1037,gaussiana,0,0.001,ejecutado,0.004388,0.001167457768705843,0.0006762267096422632,0.6349938542627847,0.03584581204108666,0.43191603321444205,0.01598856638207651,3,2,0,0,0
28,RD_1037,gaussiana,0,0.002,ejecutado,0.004721,0.0005837288843529215,0.0006762267096422632,0.6349938542627847,0.03584581204108666,0.43191603321444205,0.01598856638207651,3,2,0,0,0
29,RD_1105,triangular,0,0.0005,ejecutado,0.004121,0.003114204903555453,0.001893632606803601,0.6073508188544678,0.08160379766079695,0.37455794549790866,0.03325738984835222,3,2,1,0,0
29,RD_1105,triangular,0,0.001,ejecutado,0.004223,0.003114204903555453,0.001893632606803601,0.6073508188544678,0.08160379766079695,0.37455794549790866,0.03325738984835222,3,2,1,0,0
29,RD_1105,triangular,0,0.002,ejecutado,0.004649,0.0029485799748201346,0.001893632606803601,0.6073508188544678,0.08160379766079695,0.37455794549790866,0.03325738984835222,3,2,0,0,0
30,RD_1119,gaussiana,0,0.0005,ejecutado,0.004732,0.00010599683288992027,0.00014808517106933017,0.5388958945586116,0.018231149517243198,0.2590856528202638,0.005525453765179268,3,2,0,0,0
30,RD_1119,gaussiana,0,0.001,ejecutado,0.004479,5.299841644496014e-05,0.00014808517106933017,0.5388958945586116,0.018231149517243198,0.2590856528202638,0.005525453765179268,3,2,0,0,0
30,RD_1119,gaussiana,0,0.002,ejecutado,0.00591,4.085128366760139e-05,0.00236553659372758,0.3861599606405245,0.29122734583982646,0.013665489706597127,0.008968127277842105,2,2,0,0,0
31,RD_1139,triangular,0,0.0005,ejecutado,0.004285,0.0002474041356152034,0.0040896097461660345,0.3993431369714327,0.41297011987031773,0.026505078154552584,0.028002649247730136,2,1,0,0,0
31,RD_1139,triangular,0,0.001,ejecutado,0.005865,0.0002474041356152034,0.0040896097461660345,0.3993431369714327,0.41297011987031773,0.026505078154552584,0.028002649247730136,2,1,0,0,0
31,RD_1139,triangular,0,0.002,ejecutado,0.004191,0.0002474041356152034,0.0040896097461660345,0.3993431369714327,0.41297011987031773,0.026505078154552584,0.028002649247730136,2,1,0,0,0
