posicion,regla_id_dominante,regla_dominante,soporte_busqueda,confianzas_familia,metodo_similitud,Z,numero_condiciones_Z,fitness,soporte_anomalo,confianza_anomala,confianza_inversa,cf_directo,cf_inverso,miembros_familia_jaccard,jaccard_maximo_familia
1,RD_0138,edad_anios cercana a 42.31 con radio ±4.28 => enfermedad_cardiovascular = no,0.001,0.60,triangular,"presion_sistolica(c=0.679, r=0.220)",1,0.12562169113371924,0.014149424085620673,0.7710986992182636,0.4814584436933363,0.6800702374565378,0.369437402829285,10,0.9810436616202899
2,RD_0138,edad_anios cercana a 42.31 con radio ±4.28 => enfermedad_cardiovascular = no,0.001,0.60,triangular,"presion_sistolica(c=0.676, r=0.189)",1,0.1243209044958437,0.012683872740894568,0.8209796024488025,0.43159054339472464,0.7497875587277546,0.33161634398626827,3,0.919796019304816
3,RD_0138,edad_anios cercana a 42.31 con radio ±4.28 => enfermedad_cardiovascular = no,0.001,0.60,triangular,"presion_sistolica(c=0.690, r=0.187)",1,0.12056415515677592,0.01147699113981668,0.8595250329888304,0.3905243251613205,0.8036615664231734,0.3000371305383342,2,0.9347421246364149
4,RD_0138,edad_anios cercana a 42.31 con radio ±4.28 => enfermedad_cardiovascular = no,0.001,0.60,triangular,"presion_sistolica(c=0.634, r=0.183)",1,0.12014914566534121,0.014572430167480587,0.7403661198734295,0.49585195176919217,0.6371160612305311,0.3771656468156969,3,0.9167711538102256
5,RD_0138,edad_anios cercana a 42.31 con radio ±4.28 => enfermedad_cardiovascular = no,0.001,0.60,triangular,"presion_sistolica(c=0.691, r=0.217) Y alcohol=0",2,0.07660634716716491,0.01210598902568141,0.8106463910576353,0.41192705797802853,0.7353450813132649,0.3125322346496928,1,0.0
6,RD_0138,edad_anios cercana a 42.31 con radio ±4.28 => enfermedad_cardiovascular = no,0.001,0.60,triangular,"presion_sistolica(c=0.668, r=0.243) Y glucosa=1",2,0.06916696087160962,0.014076528459952253,0.7040164084204605,0.47897804489590146,0.5863109565240243,0.35390926999728756,1,0.0
7,RD_0138,edad_anios cercana a 42.31 con radio ±4.28 => enfermedad_cardiovascular = no,0.001,0.60,triangular,"presion_sistolica(c=0.668, r=0.177) Y fumador=0",2,0.06457289381733153,0.010275719593904505,0.8183353411738274,0.3496489986852611,0.7460917392679416,0.25964458692716474,1,0.0
8,RD_0138,edad_anios cercana a 42.31 con radio ±4.28 => enfermedad_cardiovascular = no,0.001,0.60,triangular,"presion_sistolica(c=0.615, r=0.119) Y glucosa=1",2,0.06378625366778407,0.010271949160548384,0.8133365363972859,0.34952070321791895,0.7391050318106301,0.25890604551097307,1,0.0
9,RD_0138,edad_anios cercana a 42.31 con radio ±4.28 => enfermedad_cardiovascular = no,0.001,0.60,triangular,"presion_sistolica(c=0.678, r=0.182) Y actividad_fisica=1",2,0.0631289488427639,0.009354316815901882,0.8549805542003721,0.3182966874655639,0.7973098593131225,0.23753230229894226,1,0.0
10,RD_0138,edad_anios cercana a 42.31 con radio ±4.28 => enfermedad_cardiovascular = no,0.001,0.60,triangular,"presion_sistolica(c=0.602, r=0.169) Y glucosa=1",2,0.06159394819710966,0.013018430509412473,0.6975127054586263,0.44297444577700174,0.5772208895950607,0.3201232802245939,1,0.0
11,RD_1037,edad_anios cercana a 52.27 con radio ±2.26 Y colesterol = normal Y glucosa = normal Y alcohol = no => enfermedad_cardiovascular = no,0.001,0.60,gaussiana,"presion_sistolica(c=0.613, r=0.182)",1,0.06076721721555535,0.006837739863316149,0.7115813869414834,0.3624588239880988,0.5511144354291743,0.22052486129576174,9,0.9792282713851723
12,RD_1037,edad_anios cercana a 52.27 con radio ±2.26 Y colesterol = normal Y glucosa = normal Y alcohol = no => enfermedad_cardiovascular = no,0.001,0.60,gaussiana,"presion_sistolica(c=0.598, r=0.173)",1,0.056650835576718864,0.0072014342515397565,0.6791937668039252,0.38173774405258165,0.5007073725965004,0.22628320922436845,3,0.9340018003453624
13,RD_0735,colesterol = arriba_de_lo_normal Y actividad_fisica = si => enfermedad_cardiovascular = si,0.001,0.60,triangular,"presion_sistolica(c=0.399, r=0.134)",1,0.056414869997844924,0.01957807838031686,0.6013137846020056,0.49564755393207244,0.387053845714648,0.2915091562709147,1,0.0
14,RD_1037,edad_anios cercana a 52.27 con radio ±2.26 Y colesterol = normal Y glucosa = normal Y alcohol = no => enfermedad_cardiovascular = no,0.001,0.60,gaussiana,"presion_sistolica(c=0.638, r=0.199)",1,0.055847575307895976,0.0063503032850921485,0.7129177455719153,0.33662050716945185,0.5531943015374299,0.2019094381582933,2,0.98490739858918
15,RD_0138,edad_anios cercana a 42.31 con radio ±4.28 => enfermedad_cardiovascular = no,0.001,0.60,triangular,"presion_sistolica(c=0.681, r=0.271) Y alcohol=0",2,0.05548646869736485,0.015172319026090507,0.612135186599863,0.5162641999644256,0.4578908148346751,0.36353515008200366,1,0.0
16,RD_1037,edad_anios cercana a 52.27 con radio ±2.26 Y colesterol = normal Y glucosa = normal Y alcohol = no => enfermedad_cardiovascular = no,0.001,0.60,gaussiana,"presion_sistolica(c=0.623, r=0.145)",1,0.05424522786619739,0.00553767830311272,0.7483681174371376,0.29354441752588256,0.6083681338370028,0.178330273560091,5,0.9532544418371811
17,RD_1105,edad_anios cercana a 52.27 con radio ±2.26 Y colesterol = normal Y glucosa = normal Y alcohol = no => enfermedad_cardiovascular = no,0.001,0.60,triangular,"presion_sistolica(c=0.630, r=0.110)",1,0.054105490935416015,0.006494547785692031,0.7760419402373245,0.2798746501817903,0.643262240833878,0.16822218840414954,24,0.9871281013623314
18,RD_1105,edad_anios cercana a 52.27 con radio ±2.26 Y colesterol = normal Y glucosa = normal Y alcohol = no => enfermedad_cardiovascular = no,0.001,0.60,triangular,"presion_sistolica(c=0.639, r=0.182)",1,0.05292434479213271,0.009011584486487156,0.6728820812391743,0.38834329024349384,0.4789412203093625,0.22100559545886359,1,0.0
19,RD_1139,altura_cm cercana a 159.77 con radio ±5.83 Y sexo = mujer Y colesterol = normal Y actividad_fisica = no => enfermedad_cardiovascular = no,0.001,0.60,triangular,"presion_sistolica(c=0.653, r=0.225)",1,0.052847097693097,0.0036797043063292838,0.6942185888061565,0.3715777354787324,0.5044148010046399,0.20953825140674603,22,0.9857391955823287
20,RD_1037,edad_anios cercana a 52.27 con radio ±2.26 Y colesterol = normal Y glucosa = normal Y alcohol = no => enfermedad_cardiovascular = no,0.001,0.60,gaussiana,"presion_sistolica(c=0.631, r=0.130)",1,0.052118193862936694,0.00477214847228941,0.7868872630811637,0.2529647745803177,0.6683181081325122,0.155968223002579,3,0.927160768303839
21,RD_0138,edad_anios cercana a 42.31 con radio ±4.28 => enfermedad_cardiovascular = no,0.001,0.60,triangular,"presion_sistolica(c=0.680, r=0.245) Y glucosa=1 Y alcohol=0",3,0.051253755558887906,0.012079186220508908,0.7656990788928002,0.41101504652181087,0.6725233198870411,0.304844480738581,2,0.9700534506121394
22,RD_1037,edad_anios cercana a 52.27 con radio ±2.26 Y colesterol = normal Y glucosa = normal Y alcohol = no => enfermedad_cardiovascular = no,0.001,0.60,gaussiana,"presion_sistolica(c=0.603, r=0.133)",1,0.05104868787638665,0.005615900743084215,0.7273979160125179,0.2976908773456917,0.575730778689107,0.1773352746317313,1,0.0
23,RD_1037,edad_anios cercana a 52.27 con radio ±2.26 Y colesterol = normal Y glucosa = normal Y alcohol = no => enfermedad_cardiovascular = no,0.001,0.60,gaussiana,"presion_sistolica(c=0.587, r=0.183)",1,0.05038332476639191,0.007898442099289105,0.6300237985370932,0.41868513454356493,0.42418079641152867,0.23755589688464526,1,0.0
24,RD_0138,edad_anios cercana a 42.31 con radio ±4.28 => enfermedad_cardiovascular = no,0.001,0.60,triangular,"presion_sistolica(c=0.667, r=0.207) Y alcohol=0 Y actividad_fisica=1",3,0.04806433067818794,0.010131203705845842,0.8219690644869272,0.34473159751524507,0.7511705056739795,0.2559436522873738,1,0.0
25,RD_1037,edad_anios cercana a 52.27 con radio ±2.26 Y colesterol = normal Y glucosa = normal Y alcohol = no => enfermedad_cardiovascular = no,0.001,0.60,gaussiana,"presion_sistolica(c=0.616, r=0.107)",1,0.04795647356421471,0.004332439118557198,0.7947950268672145,0.22965640976442508,0.6806255004119208,0.1409188269766296,1,0.0
26,RD_1139,altura_cm cercana a 159.77 con radio ±5.83 Y sexo = mujer Y colesterol = normal Y actividad_fisica = no => enfermedad_cardiovascular = no,0.001,0.60,triangular,"presion_sistolica(c=0.597, r=0.166)",1,0.04779350866093172,0.003735411809692575,0.6695104159437841,0.37720309725394385,0.46436983974619334,0.20584243234682859,4,0.9238273224050292
27,RD_1037,edad_anios cercana a 52.27 con radio ±2.26 Y colesterol = normal Y glucosa = normal Y alcohol = no => enfermedad_cardiovascular = no,0.001,0.60,gaussiana,"presion_sistolica(c=0.629, r=0.099)",1,0.047363774147762834,0.0040423013428384355,0.8156555843950996,0.21427662066982445,0.7130922092829848,0.132840531788693,3,0.9410311901735308
28,RD_1105,edad_anios cercana a 52.27 con radio ±2.26 Y colesterol = normal Y glucosa = normal Y alcohol = no => enfermedad_cardiovascular = no,0.001,0.60,triangular,"presion_sistolica(c=0.609, r=0.111)",1,0.046883958607603075,0.006298331446446763,0.7463087985447882,0.2714189453169797,0.5959009877867484,0.15735486118838643,1,0.0
29,RD_1139,altura_cm cercana a 159.77 con radio ±5.83 Y sexo = mujer Y colesterol = normal Y actividad_fisica = no => enfermedad_cardiovascular = no,0.001,0.60,triangular,"presion_sistolica(c=0.657, r=0.194)",1,0.04586605541911532,0.0030040801176277297,0.7181145277051028,0.30335298556049434,0.5431433606910492,0.16889115743128766,2,0.8564509589008384
30,RD_1105,edad_anios cercana a 52.27 con radio ±2.26 Y colesterol = normal Y glucosa = normal Y alcohol = no => enfermedad_cardiovascular = no,0.001,0.60,triangular,"presion_sistolica(c=0.655, r=0.109)",1,0.045337058750441486,0.005677433880728101,0.7695111916483385,0.24466211870819385,0.6328595582075817,0.1432768397426042,1,0.0
31,RD_0138,edad_anios cercana a 42.31 con radio ±4.28 => enfermedad_cardiovascular = no,0.001,0.60,triangular,"presion_sistolica(c=0.655, r=0.212) Y fumador=0 Y actividad_fisica=1",3,0.045233663318979545,0.010339079768030607,0.7874397113436793,0.3518049373752247,0.702909671357305,0.257408114653675,1,0.0
32,RD_0138,edad_anios cercana a 42.31 con radio ±4.28 => enfermedad_cardiovascular = no,0.001,0.60,triangular,"presion_sistolica(c=0.694, r=0.243) Y glucosa=1 Y actividad_fisica=1",3,0.044826559940123974,0.010100419253216414,0.7944888564645612,0.343684103669331,0.7127620894823055,0.2515653433402019,1,0.0
33,RD_1105,edad_anios cercana a 52.27 con radio ±2.26 Y colesterol = normal Y glucosa = normal Y alcohol = no => enfermedad_cardiovascular = no,0.001,0.60,triangular,"presion_sistolica(c=0.602, r=0.115)",1,0.04482089253016583,0.007066949941305714,0.7020263065159923,0.30454162598241746,0.5253644016358219,0.17062782476546742,4,0.8979403758813066
34,RD_1139,altura_cm cercana a 159.77 con radio ±5.83 Y sexo = mujer Y colesterol = normal Y actividad_fisica = no => enfermedad_cardiovascular = no,0.001,0.60,triangular,"presion_sistolica(c=0.654, r=0.236)",1,0.04442281119261957,0.004127312855176203,0.632342337992007,0.4167773920585772,0.4041308957368415,0.2198436776857884,1,0.0
35,RD_0138,edad_anios cercana a 42.31 con radio ±4.28 => enfermedad_cardiovascular = no,0.001,0.60,triangular,"altura_cm(c=0.734, r=0.191) Y presion_sistolica(c=0.643, r=0.174)",2,0.04429339735170086,0.007987525502435826,0.7804682560201637,0.27178926676399034,0.6931658383663277,0.19170043400909412,1,0.0
36,RD_0735,colesterol = arriba_de_lo_normal Y actividad_fisica = si => enfermedad_cardiovascular = si,0.001,0.60,triangular,"presion_sistolica(c=0.375, r=0.116)",1,0.04425422501984924,0.015289901049888104,0.617295967424587,0.38708610252881276,0.4116250927752155,0.21502199839899483,1,0.0
37,RD_1180,sexo = mujer Y colesterol = normal Y alcohol = no Y actividad_fisica = no => enfermedad_cardiovascular = no,0.001,0.60,triangular,"presion_sistolica(c=0.642, r=0.206)",1,0.044088541679340856,0.010749115898210378,0.7198331504649457,0.3027919971326867,0.537339147556791,0.1640994961182543,11,0.9913096588034204
38,RD_1181,sexo = mujer Y colesterol = normal Y alcohol = no Y actividad_fisica = no => enfermedad_cardiovascular = no,0.001,0.60,gaussiana,"presion_sistolica(c=0.647, r=0.217)",1,0.04408707890243452,0.00900938320206097,0.7698122773535432,0.2537854423115766,0.6198734855379612,0.14224540952634315,23,0.9917762562225996
39,RD_0736,colesterol = arriba_de_lo_normal Y actividad_fisica = si => enfermedad_cardiovascular = si,0.001,0.60,gaussiana,"presion_sistolica(c=0.420, r=0.101)",1,0.0439782297764041,0.015639228246599253,0.6108334605275101,0.3959298290278292,0.40168953795385903,0.21896626932541996,4,0.9613787511280752
40,RD_1037,edad_anios cercana a 52.27 con radio ±2.26 Y colesterol = normal Y glucosa = normal Y alcohol = no => enfermedad_cardiovascular = no,0.001,0.60,gaussiana,"presion_sistolica(c=0.574, r=0.152)",1,0.04332391494431734,0.006599470824690832,0.6451858121909482,0.3498285225640514,0.44777847267405335,0.19350601955290359,1,0.0
41,RD_1181,sexo = mujer Y colesterol = normal Y alcohol = no Y actividad_fisica = no => enfermedad_cardiovascular = no,0.001,0.60,gaussiana,"presion_sistolica(c=0.670, r=0.233)",1,0.04303502165520672,0.008338645080885929,0.786945854114703,0.2348914107291811,0.6481674655105186,0.13278982344882392,3,0.9158401393566427
42,RD_1180,sexo = mujer Y colesterol = normal Y alcohol = no Y actividad_fisica = no => enfermedad_cardiovascular = no,0.001,0.60,triangular,"presion_sistolica(c=0.643, r=0.145)",1,0.04284113432922116,0.0075794627625976494,0.8162100218818313,0.21350599331260983,0.6964936141167857,0.12301946051162992,9,0.9674454329366846
43,RD_1180,sexo = mujer Y colesterol = normal Y alcohol = no Y actividad_fisica = no => enfermedad_cardiovascular = no,0.001,0.60,triangular,"presion_sistolica(c=0.642, r=0.176)",1,0.042526426347784946,0.009350345548201232,0.7498493998143306,0.26339001544228824,0.5869072657484359,0.14491702123862582,5,0.9355560493673687
44,RD_0138,edad_anios cercana a 42.31 con radio ±4.28 => enfermedad_cardiovascular = no,0.001,0.60,triangular,"presion_sistolica(c=0.690, r=0.246) Y glucosa=1 Y fumador=0",3,0.04249361969351573,0.010738911677097519,0.7472122263174106,0.36540990444055715,0.646684697151297,0.2628398035747799,2,0.880215897230953
45,RD_1119,altura_cm cercana a 159.77 con radio ±5.83 Y sexo = mujer Y colesterol = normal Y actividad_fisica = no => enfermedad_cardiovascular = no,0.001,0.60,gaussiana,"presion_sistolica(c=0.615, r=0.185)",1,0.04211824260021612,0.0022923004665960692,0.7133999265961011,0.2822110562670285,0.5394833752684818,0.15614287494681503,25,0.9970612989315526
46,RD_1105,edad_anios cercana a 52.27 con radio ±2.26 Y colesterol = normal Y glucosa = normal Y alcohol = no => enfermedad_cardiovascular = no,0.001,0.60,triangular,"presion_sistolica(c=0.607, r=0.076)",1,0.042100426002717094,0.005134131182473872,0.780668624483799,0.22124914868559784,0.6506319821694009,0.1294139456912085,1,0.0
47,RD_1037,edad_anios cercana a 52.27 con radio ±2.26 Y colesterol = normal Y glucosa = normal Y alcohol = no => enfermedad_cardiovascular = no,0.001,0.60,gaussiana,"presion_sistolica(c=0.603, r=0.100)",1,0.042092565176169765,0.00410722458238216,0.7730906518455225,0.21771810886986018,0.6468455008066512,0.13014719936577768,1,0.0
48,RD_1139,altura_cm cercana a 159.77 con radio ±5.83 Y sexo = mujer Y colesterol = normal Y actividad_fisica = no => enfermedad_cardiovascular = no,0.001,0.60,triangular,"presion_sistolica(c=0.599, r=0.136)",1,0.04204843699558585,0.003069028460036689,0.6931103193880621,0.3099114902625998,0.5026186096731838,0.1673174696930815,1,0.0
49,RD_1181,sexo = mujer Y colesterol = normal Y alcohol = no Y actividad_fisica = no => enfermedad_cardiovascular = no,0.001,0.60,gaussiana,"presion_sistolica(c=0.638, r=0.222)",1,0.041782913123946275,0.00990407821769418,0.7296972316543987,0.2789881188082868,0.5536284559430437,0.15094207198137527,3,0.9167474599013717
50,RD_1180,sexo = mujer Y colesterol = normal Y alcohol = no Y actividad_fisica = no => enfermedad_cardiovascular = no,0.001,0.60,triangular,"presion_sistolica(c=0.654, r=0.174)",1,0.04155214131525666,0.00840767996100567,0.7750067676248201,0.23683605523959633,0.6284515428666754,0.13223657985058637,4,0.9254209870412224
51,RD_1119,altura_cm cercana a 159.77 con radio ±5.83 Y sexo = mujer Y colesterol = normal Y actividad_fisica = no => enfermedad_cardiovascular = no,0.001,0.60,gaussiana,"presion_sistolica(c=0.654, r=0.218)",1,0.04139732759908681,0.0020299591143982374,0.7434848819397065,0.24991353193060975,0.5878246821128476,0.14084923229249352,2,0.8981192888591553
52,RD_0247,presion_sistolica cercana a 102.00 con radio ±14.32 Y colesterol = normal Y fumador = no Y alcohol = no => enfermedad_cardiovascular = no,0.001,0.60,gaussiana,"peso_kg(c=0.549, r=0.117) Y presion_diastolica(c=0.436, r=0.097)",2,0.04076431470975565,0.0010516851526793606,0.8456594818473829,0.1730300754678452,0.820916066878435,0.1489713127363807,20,0.9990429448222148
53,RD_0138,edad_anios cercana a 42.31 con radio ±4.28 => enfermedad_cardiovascular = no,0.001,0.60,triangular,"presion_diastolica(c=0.607, r=0.122)",1,0.04060324262295876,0.008376882235626512,0.6141569106970742,0.28503779798824097,0.460716529272034,0.17626128017206097,1,0.0
54,RD_1180,sexo = mujer Y colesterol = normal Y alcohol = no Y actividad_fisica = no => enfermedad_cardiovascular = no,0.001,0.60,triangular,"presion_sistolica(c=0.668, r=0.174)",1,0.04059566299089825,0.007392269675881343,0.8086007308248314,0.20823294861637584,0.6839278123712812,0.11871329768019506,2,0.9264923016396245
55,RD_1105,edad_anios cercana a 52.27 con radio ±2.26 Y colesterol = normal Y glucosa = normal Y alcohol = no => enfermedad_cardiovascular = no,0.001,0.60,triangular,"presion_sistolica(c=0.623, r=0.070)",1,0.040171916244475483,0.004699600626020841,0.795785601131746,0.2025235820266665,0.6747114744657257,0.1190787996492452,1,0.0
56,RD_1139,altura_cm cercana a 159.77 con radio ±5.83 Y sexo = mujer Y colesterol = normal Y actividad_fisica = no => enfermedad_cardiovascular = no,0.001,0.60,triangular,"presion_sistolica(c=0.641, r=0.132)",1,0.039905728169236515,0.002134092999998568,0.7830974137936433,0.21550140397871453,0.6484622432475392,0.1230780314036054,2,0.8943014369841165
57,RD_1037,edad_anios cercana a 52.27 con radio ±2.26 Y colesterol = normal Y glucosa = normal Y alcohol = no => enfermedad_cardiovascular = no,0.001,0.60,gaussiana,"presion_sistolica(c=0.650, r=0.099)",1,0.039895768518330835,0.0035188683598656924,0.809246139328432,0.18653018584817688,0.7031167526478299,0.11348262822095899,2,0.9724649119706301
58,RD_1119,altura_cm cercana a 159.77 con radio ±5.83 Y sexo = mujer Y colesterol = normal Y actividad_fisica = no => enfermedad_cardiovascular = no,0.001,0.60,gaussiana,"presion_sistolica(c=0.616, r=0.156)",1,0.03982939002169636,0.0019777653160363063,0.7412469540951957,0.24348781803273598,0.5842287200982308,0.13634862050259886,2,0.9746357852294057
59,RD_1180,sexo = mujer Y colesterol = normal Y alcohol = no Y actividad_fisica = no => enfermedad_cardiovascular = no,0.001,0.60,triangular,"presion_sistolica(c=0.690, r=0.210)",1,0.03921737051851546,0.007876544079312802,0.7792566496747095,0.22187448110740288,0.6354696967105294,0.1234279800327909,1,0.0
60,RD_1180,sexo = mujer Y colesterol = normal Y alcohol = no Y actividad_fisica = no => enfermedad_cardiovascular = no,0.001,0.60,triangular,"presion_sistolica(c=0.629, r=0.139)",1,0.03856958929893029,0.0077187537438919394,0.7808882209340177,0.2174296829265335,0.6381640345699374,0.12087672513516863,1,0.0
61,RD_1180,sexo = mujer Y colesterol = normal Y alcohol = no Y actividad_fisica = no => enfermedad_cardiovascular = no,0.001,0.60,triangular,"presion_sistolica(c=0.626, r=0.203)",1,0.03821295736177273,0.011489131481668018,0.6739415790499894,0.32363750652585965,0.4615549011834687,0.16558358394111397,1,0.0
62,RD_1181,sexo = mujer Y colesterol = normal Y alcohol = no Y actividad_fisica = no => enfermedad_cardiovascular = no,0.001,0.60,gaussiana,"presion_sistolica(c=0.670, r=0.185)",1,0.03809758010168429,0.006560637554258969,0.8288979545117849,0.18480669166926675,0.7174461634139567,0.10620331404491044,2,0.8900046318431696
63,RD_1119,altura_cm cercana a 159.77 con radio ±5.83 Y sexo = mujer Y colesterol = normal Y actividad_fisica = no => enfermedad_cardiovascular = no,0.001,0.60,gaussiana,"presion_sistolica(c=0.610, r=0.192)",1,0.03674585701354657,0.002549579983245591,0.6580315904250856,0.31388540489958344,0.45051605928827176,0.16312784530521696,2,0.912298281444608
64,RD_1119,altura_cm cercana a 159.77 con radio ±5.83 Y sexo = mujer Y colesterol = normal Y actividad_fisica = no => enfermedad_cardiovascular = no,0.001,0.60,gaussiana,"presion_sistolica(c=0.624, r=0.142)",1,0.03673976637794945,0.001685488883857202,0.7673059574395841,0.20750490835348837,0.6261010201346404,0.11736050636061483,1,0.0
65,RD_0820,sexo = mujer Y colesterol = arriba_de_lo_normal => enfermedad_cardiovascular = si,0.001,0.60,gaussiana,"presion_diastolica(c=0.143, r=0.138)",1,0.03609463389198795,0.005913450823299022,0.8553550038482032,0.15359612528049407,0.7709787560929885,0.09363327745864515,13,0.9951155254394214
66,RD_1181,sexo = mujer Y colesterol = normal Y alcohol = no Y actividad_fisica = no => enfermedad_cardiovascular = no,0.001,0.60,gaussiana,"presion_sistolica(c=0.680, r=0.176)",1,0.03534940272492737,0.005714324834957832,0.8525552266605186,0.16096689675937556,0.7565132183384711,0.09345349656299519,1,0.0
67,RD_1105,edad_anios cercana a 52.27 con radio ±2.26 Y colesterol = normal Y glucosa = normal Y alcohol = no => enfermedad_cardiovascular = no,0.001,0.60,triangular,"presion_sistolica(c=0.571, r=0.095)",1,0.034831998640930284,0.007177091554048206,0.6462594038803271,0.30928804503328267,0.43653455598095237,0.15958415279476815,1,0.0
68,RD_1181,sexo = mujer Y colesterol = normal Y alcohol = no Y actividad_fisica = no => enfermedad_cardiovascular = no,0.001,0.60,gaussiana,"presion_sistolica(c=0.598, r=0.150)",1,0.03437800519897757,0.00833945536835665,0.7307335778758702,0.23491423572835632,0.5553398533729966,0.12380888924205272,1,0.0
69,RD_1139,altura_cm cercana a 159.77 con radio ±5.83 Y sexo = mujer Y colesterol = normal Y actividad_fisica = no => enfermedad_cardiovascular = no,0.001,0.60,triangular,"presion_sistolica(c=0.598, r=0.103)",1,0.03243628304719924,0.0022429396558836176,0.7166315532398914,0.22649277462733755,0.5407398784369205,0.11997000532293113,1,0.0
70,RD_0311,presion_sistolica cercana a 102.00 con radio ±14.32 Y colesterol = normal Y fumador = no Y alcohol = no => enfermedad_cardiovascular = no,0.001,0.60,triangular,"peso_kg(c=0.565, r=0.118) Y presion_diastolica(c=0.423, r=0.079)",2,0.032357778979756883,0.0014440669622427626,0.8253291173502839,0.14682134033005614,0.7929666911577025,0.12241792501718719,29,0.9996119930364638
71,RD_0820,sexo = mujer Y colesterol = arriba_de_lo_normal => enfermedad_cardiovascular = si,0.001,0.60,gaussiana,"presion_diastolica(c=0.146, r=0.233)",1,0.031944819606946416,0.007301486738660824,0.7483739069748214,0.18964900619898242,0.6015920193768006,0.10620094209374187,4,0.9640594765004379
72,RD_1119,altura_cm cercana a 159.77 con radio ±5.83 Y sexo = mujer Y colesterol = normal Y actividad_fisica = no => enfermedad_cardiovascular = no,0.001,0.60,gaussiana,"presion_sistolica(c=0.579, r=0.147)",1,0.031529231576936455,0.0021962255399013034,0.6629699731226846,0.27038302284016763,0.4584511840233091,0.13754673420293057,1,0.0
73,RD_0138,edad_anios cercana a 42.31 con radio ±4.28 => enfermedad_cardiovascular = no,0.001,0.60,triangular,"altura_cm(c=0.708, r=0.196) Y presion_sistolica(c=0.665, r=0.154) Y glucosa=1",3,0.030935265811233178,0.006411999578473789,0.8499518824527358,0.2181792926223471,0.7902814075191138,0.15657848213003783,1,0.0
74,RD_0247,presion_sistolica cercana a 102.00 con radio ±14.32 Y colesterol = normal Y fumador = no Y alcohol = no => enfermedad_cardiovascular = no,0.001,0.60,gaussiana,"peso_kg(c=0.530, r=0.143) Y presion_diastolica(c=0.433, r=0.075)",2,0.030901449983572846,0.001061838075876866,0.6899974837676363,0.17470050036887944,0.6402987980798603,0.14478295169180705,1,0.0
75,RD_0820,sexo = mujer Y colesterol = arriba_de_lo_normal => enfermedad_cardiovascular = si,0.001,0.60,gaussiana,"presion_diastolica(c=0.120, r=0.213)",1,0.030855212994008598,0.006141270667416851,0.7915622696549612,0.15951352382900913,0.6699735936203554,0.09210874365144872,2,0.8991705558182177
76,RD_0820,sexo = mujer Y colesterol = arriba_de_lo_normal => enfermedad_cardiovascular = si,0.001,0.60,gaussiana,"presion_diastolica(c=0.154, r=0.290)",1,0.030652761136118693,0.008983174250538092,0.6832458714426014,0.2333292013126777,0.49847262978411894,0.12298673710287342,2,0.9126586492283206
77,RD_1037,edad_anios cercana a 52.27 con radio ±2.26 Y colesterol = normal Y glucosa = normal Y alcohol = no => enfermedad_cardiovascular = no,0.001,0.60,gaussiana,"presion_sistolica(c=0.574, r=0.091)",1,0.030463092088450106,0.004147485977827206,0.6864738430980013,0.21985230793809638,0.5120378520088052,0.11898765674818215,1,0.0
78,RD_0561,glucosa = muy_arriba_de_lo_normal => enfermedad_cardiovascular = si,0.001,0.60,gaussiana,sexo=2 Y colesterol=1,2,0.03029586260733801,0.0065,0.8125,0.21311475409836064,0.7035714285714285,0.12918032786885245,1,0.0
79,RD_0560,glucosa = muy_arriba_de_lo_normal => enfermedad_cardiovascular = si,0.001,0.60,triangular,sexo=2 Y colesterol=1,2,0.03029586260733801,0.0065,0.8125,0.21311475409836064,0.7035714285714285,0.12918032786885245,2,0.875
80,RD_0311,presion_sistolica cercana a 102.00 con radio ±14.32 Y colesterol = normal Y fumador = no Y alcohol = no => enfermedad_cardiovascular = no,0.001,0.60,triangular,"peso_kg(c=0.545, r=0.120) Y presion_diastolica(c=0.441, r=0.095)",2,0.030254801191168027,0.001556990691757795,0.7476754588338494,0.15830253459317825,0.7009256272866977,0.1294922029386421,3,0.9909806087528602
81,RD_1105,edad_anios cercana a 52.27 con radio ±2.26 Y colesterol = normal Y glucosa = normal Y alcohol = no => enfermedad_cardiovascular = no,0.001,0.60,triangular,"presion_sistolica(c=0.574, r=0.076)",1,0.029478184245266104,0.00488148471441459,0.7040055665423597,0.21036165594537434,0.5285171204411268,0.1115505367949562,1,0.0
82,RD_0820,sexo = mujer Y colesterol = arriba_de_lo_normal => enfermedad_cardiovascular = si,0.001,0.60,gaussiana,"presion_diastolica(c=0.197, r=0.291)",1,0.02814072312411242,0.010697194534297936,0.6276544870210987,0.27784920868306323,0.41045293778340636,0.1371203396719851,3,0.9419054364781867
83,RD_0763,colesterol = arriba_de_lo_normal Y fumador = no => enfermedad_cardiovascular = si,0.001,0.60,gaussiana,"presion_diastolica(c=0.171, r=0.300)",1,0.027546294381230026,0.0114881202497596,0.6378407328170791,0.24442809042041702,0.4387590303890407,0.12556456949412603,14,0.9936807065771529
84,RD_0763,colesterol = arriba_de_lo_normal Y fumador = no => enfermedad_cardiovascular = si,0.001,0.60,gaussiana,"presion_diastolica(c=0.154, r=0.286)",1,0.02719369922042795,0.010078695202440492,0.6652391841046126,0.2144403234561807,0.48121861864165105,0.11302014580062736,2,0.9781912716559563
85,RD_0763,colesterol = arriba_de_lo_normal Y fumador = no => enfermedad_cardiovascular = si,0.001,0.60,gaussiana,"presion_diastolica(c=0.196, r=0.300)",1,0.027057960370082068,0.012870511729609756,0.6106017470355489,0.2738406750980799,0.3965465670433945,0.13646800965557765,6,0.9726789548861221
86,RD_0819,sexo = mujer Y colesterol = arriba_de_lo_normal => enfermedad_cardiovascular = si,0.001,0.60,triangular,"presion_diastolica(c=0.173, r=0.229)",1,0.02704468691050417,0.008722609042762682,0.6643799397735748,0.2265612738379917,0.46860157130816016,0.11542721393360048,1,0.0
87,RD_0763,colesterol = arriba_de_lo_normal Y fumador = no => enfermedad_cardiovascular = si,0.001,0.60,gaussiana,"presion_diastolica(c=0.144, r=0.264)",1,0.026954162074315967,0.008785532443173007,0.6974242558109707,0.18692622219517038,0.5310960689468258,0.10150390353205442,3,0.9593548067116595
88,RD_0820,sexo = mujer Y colesterol = arriba_de_lo_normal => enfermedad_cardiovascular = si,0.001,0.60,gaussiana,"presion_diastolica(c=0.182, r=0.193)",1,0.026382378171022472,0.006767033539277251,0.7212145215130465,0.17576710491629224,0.5585896590623237,0.09446067517722845,1,0.0
89,RD_0311,presion_sistolica cercana a 102.00 con radio ±14.32 Y colesterol = normal Y fumador = no Y alcohol = no => enfermedad_cardiovascular = no,0.001,0.60,triangular,"peso_kg(c=0.593, r=0.119) Y presion_diastolica(c=0.414, r=0.074)",2,0.025557607407877908,0.001169295316335578,0.8143286241277385,0.118884726314503,0.7799280640195545,0.09830755650525146,1,0.0
90,RD_1181,sexo = mujer Y colesterol = normal Y alcohol = no Y actividad_fisica = no => enfermedad_cardiovascular = no,0.001,0.60,gaussiana,"presion_sistolica(c=0.658, r=0.184) Y fumador=0",2,0.025415547116396486,0.006943677219820964,0.8105140552283209,0.19559654140340743,0.687087430652273,0.11097079927194448,1,0.0
91,RD_0356,presion_sistolica cercana a 111.46 con radio ±24.60 => enfermedad_cardiovascular = no,0.001,0.60,triangular,colesterol=3,1,0.024192264388755224,0.02473756271560895,0.6791070798452079,0.1693668632642573,0.5171895921486904,0.09355278898110549,27,1.0
92,RD_0819,sexo = mujer Y colesterol = arriba_de_lo_normal => enfermedad_cardiovascular = si,0.001,0.60,triangular,"presion_diastolica(c=0.103, r=0.276)",1,0.02409746831132548,0.007575975671770787,0.6732662154039194,0.1967785888771633,0.48267150772287243,0.09985038654969096,1,0.0
93,RD_0279,presion_sistolica cercana a 111.46 con radio ±24.60 => enfermedad_cardiovascular = no,0.001,0.60,gaussiana,colesterol=3,1,0.023180141674318304,0.020235358393235127,0.6648597508837301,0.16377873953806532,0.5055795658512856,0.0916973044006951,27,1.0
94,RD_1180,sexo = mujer Y colesterol = normal Y alcohol = no Y actividad_fisica = no => enfermedad_cardiovascular = no,0.001,0.60,triangular,"presion_sistolica(c=0.652, r=0.139) Y glucosa=1",2,0.022711115020656647,0.006194583601543465,0.8142737964598291,0.17449531271953425,0.6932961776400847,0.09827451421106846,1,0.0
95,RD_0820,sexo = mujer Y colesterol = arriba_de_lo_normal => enfermedad_cardiovascular = si,0.001,0.60,gaussiana,"presion_diastolica(c=0.082, r=0.270)",1,0.02239519226732212,0.005480603534506255,0.7373436273526373,0.14235333855860402,0.584127409975009,0.0766791350136446,1,0.0
96,RD_0732,presion_diastolica cercana a 73.27 con radio ±19.49 => enfermedad_cardiovascular = no,0.001,0.60,gaussiana,colesterol=3,1,0.021820617765406343,0.03055786158093444,0.6974537456902549,0.17640184872890105,0.5046670213520935,0.08647530685458699,22,1.0
97,RD_0146,presion_sistolica cercana a 102.00 con radio ±27.78 => enfermedad_cardiovascular = no,0.001,0.60,triangular,colesterol=3,1,0.02167862337661226,0.012518792947045568,0.6280028498418679,0.1573852679666735,0.4755423862717008,0.09117430539294216,9,1.0
98,RD_1139,altura_cm cercana a 159.77 con radio ±5.83 Y sexo = mujer Y colesterol = normal Y actividad_fisica = no => enfermedad_cardiovascular = no,0.001,0.60,triangular,"presion_sistolica(c=0.558, r=0.113) Y glucosa=1 Y alcohol=0",3,0.020218317836613906,0.0029791043813297497,0.6924094555892747,0.3008309276006863,0.5014827076448864,0.16126831516536397,1,0.0
99,RD_0736,colesterol = arriba_de_lo_normal Y actividad_fisica = si => enfermedad_cardiovascular = si,0.001,0.60,gaussiana,"presion_diastolica(c=0.172, r=0.278)",1,0.019472372203131767,0.00797574880808613,0.609599282309596,0.20191769134395268,0.39979209389094356,0.09741249264645788,1,0.0
100,RD_0820,sexo = mujer Y colesterol = arriba_de_lo_normal => enfermedad_cardiovascular = si,0.001,0.60,gaussiana,"presion_diastolica(c=0.206, r=0.196)",1,0.01934606542761218,0.00689530019818272,0.6509340319985529,0.17909870644630443,0.4473122173310422,0.08649915954920026,1,0.0
101,RD_1037,edad_anios cercana a 52.27 con radio ±2.26 Y colesterol = normal Y glucosa = normal Y alcohol = no => enfermedad_cardiovascular = no,0.001,0.60,gaussiana,"presion_sistolica(c=0.580, r=0.168) Y presion_diastolica(c=0.621, r=0.300)",2,0.018801079597474228,0.0052969777966955615,0.6152697150653816,0.280785227466992,0.40121800972209737,0.14058002738085024,1,0.0
102,RD_0735,colesterol = arriba_de_lo_normal Y actividad_fisica = si => enfermedad_cardiovascular = si,0.001,0.60,triangular,"presion_diastolica(c=0.168, r=0.237)",1,0.018735849111623275,0.007671199996713511,0.6105185554474012,0.1942075948535066,0.4012053981708345,0.09339779173980851,1,0.0
103,RD_0820,sexo = mujer Y colesterol = arriba_de_lo_normal => enfermedad_cardiovascular = si,0.001,0.60,gaussiana,"presion_diastolica(c=0.174, r=0.162) Y glucosa=1",2,0.018255415710590184,0.004742229148247887,0.8411359788401076,0.12317478307137368,0.7484652998301704,0.07317139103736302,1,0.0
104,RD_0819,sexo = mujer Y colesterol = arriba_de_lo_normal => enfermedad_cardiovascular = si,0.001,0.60,triangular,"presion_sistolica(c=0.378, r=0.104) Y actividad_fisica=1",2,0.01806965283401962,0.010378987986392038,0.6273900646670582,0.26958410354265033,0.41003426905617546,0.1322059217802406,1,0.0
105,RD_0763,colesterol = arriba_de_lo_normal Y fumador = no => enfermedad_cardiovascular = si,0.001,0.60,gaussiana,"presion_diastolica(c=0.158, r=0.260) Y glucosa=1",2,0.017973429731757036,0.006892769647452139,0.766406241212293,0.1466546733500455,0.6379979761477054,0.08451482796363577,1,0.0
106,RD_0819,sexo = mujer Y colesterol = arriba_de_lo_normal => enfermedad_cardiovascular = si,0.001,0.60,triangular,"presion_sistolica(c=0.427, r=0.103) Y fumador=0 Y actividad_fisica=1",3,0.017684571002125817,0.013722069230089111,0.614534518377098,0.35641738259971717,0.38967965409707195,0.18152932354759754,1,0.0
107,RD_1037,edad_anios cercana a 52.27 con radio ±2.26 Y colesterol = normal Y glucosa = normal Y alcohol = no => enfermedad_cardiovascular = no,0.001,0.60,gaussiana,"peso_kg(c=0.529, r=0.087)",1,0.01764630625209702,0.0030457210768596987,0.6445812440179032,0.16144932416000718,0.44683754198029196,0.07898309606615517,1,0.0
108,RD_0763,colesterol = arriba_de_lo_normal Y fumador = no => enfermedad_cardiovascular = si,0.001,0.60,gaussiana,"presion_diastolica(c=0.160, r=0.300) Y glucosa=1",2,0.01727761342160703,0.00791669879393666,0.7155893903229003,0.16844039987099274,0.559246715997477,0.09268331629336726,1,0.0
109,RD_0763,colesterol = arriba_de_lo_normal Y fumador = no => enfermedad_cardiovascular = si,0.001,0.60,gaussiana,"presion_diastolica(c=0.168, r=0.300) Y sexo=1",2,0.01714079972831683,0.00981601758682494,0.6597604645236816,0.2088514380175519,0.47272820525599785,0.10877793754045958,1,0.0
110,RD_0052,presion_sistolica cercana a 102.00 con radio ±12.57 => enfermedad_cardiovascular = no,0.001,0.60,triangular,"peso_kg(c=0.556, r=0.099) Y presion_diastolica(c=0.443, r=0.108)",2,0.016994735452662682,0.0017213330108348216,0.7500988672709162,0.10310203268231964,0.6793451168858002,0.0750490510503789,13,0.9702924268535953
111,RD_0039,presion_sistolica cercana a 102.00 con radio ±12.57 => enfermedad_cardiovascular = no,0.001,0.60,gaussiana,"peso_kg(c=0.559, r=0.112) Y presion_diastolica(c=0.414, r=0.109) Y alcohol=0",3,0.016716619533292357,0.0010278121411373192,0.8795821706772667,0.10008603523226035,0.8488502982593787,0.07877299244670512,1,0.0
112,RD_0763,colesterol = arriba_de_lo_normal Y fumador = no => enfermedad_cardiovascular = si,0.001,0.60,gaussiana,"presion_diastolica(c=0.192, r=0.300) Y sexo=1",2,0.016414507926518565,0.010839261727265103,0.6293969484154198,0.23062258994181073,0.42567363350927634,0.11568375370959538,1,0.0
113,RD_0052,presion_sistolica cercana a 102.00 con radio ±12.57 => enfermedad_cardiovascular = no,0.001,0.60,triangular,"peso_kg(c=0.554, r=0.105) Y presion_diastolica(c=0.444, r=0.107) Y alcohol=0",3,0.0159498846042192,0.0017962490307718013,0.8317236894658898,0.10758924921006506,0.7840801276251113,0.08136864609758479,9,0.9897314518179297
114,RD_0820,sexo = mujer Y colesterol = arriba_de_lo_normal => enfermedad_cardiovascular = si,0.001,0.60,gaussiana,"presion_sistolica(c=0.477, r=0.099) Y presion_diastolica(c=0.382, r=0.263)",2,0.015669003505223766,0.00954572406111861,0.620024529753438,0.2479408847043795,0.39837217210961023,0.11799772626371488,1,0.0
115,RD_0735,colesterol = arriba_de_lo_normal Y actividad_fisica = si => enfermedad_cardiovascular = si,0.001,0.60,triangular,"presion_sistolica(c=0.299, r=0.199) Y glucosa=1",2,0.015448757293329712,0.009495882279940726,0.6051981342952897,0.2404020830364741,0.3930257030662277,0.11792173264601846,1,0.0
116,RD_0052,presion_sistolica cercana a 102.00 con radio ±12.57 => enfermedad_cardiovascular = no,0.001,0.60,triangular,"peso_kg(c=0.567, r=0.099) Y presion_diastolica(c=0.449, r=0.107) Y alcohol=0",3,0.014788185533730808,0.0015509587051073836,0.8698966109394278,0.09289718729402456,0.8330608326725532,0.07100650974689875,2,0.9323274955888253
117,RD_0561,glucosa = muy_arriba_de_lo_normal => enfermedad_cardiovascular = si,0.001,0.60,gaussiana,sexo=2 Y colesterol=1 Y alcohol=0,3,0.01475109589863688,0.005,0.7692307692307693,0.16393442622950818,0.6351648351648352,0.09289617486338796,1,0.0
118,RD_0560,glucosa = muy_arriba_de_lo_normal => enfermedad_cardiovascular = si,0.001,0.60,triangular,sexo=2 Y colesterol=1 Y alcohol=0,3,0.01475109589863688,0.005,0.7692307692307693,0.16393442622950818,0.6351648351648352,0.09289617486338796,1,0.0
119,RD_0736,colesterol = arriba_de_lo_normal Y actividad_fisica = si => enfermedad_cardiovascular = si,0.001,0.60,gaussiana,"presion_sistolica(c=0.456, r=0.102) Y presion_diastolica(c=0.352, r=0.245) Y alcohol=0",3,0.014510918714305043,0.011314291683098382,0.6083839734116804,0.28643776412907296,0.3979236598029916,0.14586635759722624,1,0.0
120,RD_0052,presion_sistolica cercana a 102.00 con radio ±12.57 => enfermedad_cardiovascular = no,0.001,0.60,triangular,"peso_kg(c=0.532, r=0.107) Y presion_diastolica(c=0.455, r=0.105) Y alcohol=0",3,0.014487980328169345,0.0019102315721504204,0.7587425643551907,0.11441641840536956,0.6904360777308529,0.08393524495872058,1,0.0
121,RD_0735,colesterol = arriba_de_lo_normal Y actividad_fisica = si => enfermedad_cardiovascular = si,0.001,0.60,triangular,"presion_sistolica(c=0.390, r=0.181) Y presion_diastolica(c=0.210, r=0.287) Y fumador=0",3,0.014342152823725297,0.011314927847456946,0.6063505693227184,0.28645386955587204,0.3947974739247235,0.14531149534619295,1,0.0
122,RD_0561,glucosa = muy_arriba_de_lo_normal => enfermedad_cardiovascular = si,0.001,0.60,gaussiana,colesterol=1 Y fumador=0 Y actividad_fisica=0,3,0.01402793011788654,0.0035,0.875,0.11475409836065574,0.8023809523809524,0.06993152106246109,5,1.0
123,RD_0560,glucosa = muy_arriba_de_lo_normal => enfermedad_cardiovascular = si,0.001,0.60,triangular,colesterol=1 Y fumador=0 Y actividad_fisica=0,3,0.01402793011788654,0.0035,0.875,0.11475409836065574,0.8023809523809524,0.06993152106246109,6,1.0
124,RD_0052,presion_sistolica cercana a 102.00 con radio ±12.57 => enfermedad_cardiovascular = no,0.001,0.60,triangular,"presion_diastolica(c=0.392, r=0.110) Y colesterol=3",2,0.013969332560735079,0.0015646016024066722,0.7112339560637194,0.09371435075651495,0.6294765011484811,0.06657595256652793,1,0.0
125,RD_1119,altura_cm cercana a 159.77 con radio ±5.83 Y sexo = mujer Y colesterol = normal Y actividad_fisica = no => enfermedad_cardiovascular = no,0.001,0.60,gaussiana,"presion_sistolica(c=0.558, r=0.113) Y glucosa=1 Y alcohol=0",3,0.013585932101673682,0.0017448017430052873,0.6863460965479107,0.2148070682903376,0.4960125612108212,0.10956119392225816,1,0.0
126,RD_0763,colesterol = arriba_de_lo_normal Y fumador = no => enfermedad_cardiovascular = si,0.001,0.60,gaussiana,"presion_diastolica(c=0.229, r=0.300) Y glucosa=1",2,0.013246349631628629,0.010175536019390072,0.6047911961357424,0.2165007663700015,0.3875419121401856,0.10254129334148271,1,0.0
127,RD_0146,presion_sistolica cercana a 102.00 con radio ±27.78 => enfermedad_cardiovascular = no,0.001,0.60,triangular,"presion_diastolica(c=0.443, r=0.094) Y colesterol=3",2,0.01305369122351212,0.008983935540706752,0.6939149445752144,0.11294532216088318,0.568468097947153,0.06888877988396268,13,0.9926196891782193
128,RD_0052,presion_sistolica cercana a 102.00 con radio ±12.57 => enfermedad_cardiovascular = no,0.001,0.60,triangular,"presion_diastolica(c=0.430, r=0.108) Y colesterol=3 Y fumador=0",3,0.012871345812421074,0.001329706754793165,0.8796942048309493,0.07964494285977632,0.8456323896310085,0.060883882737923424,1,0.0
129,RD_0820,sexo = mujer Y colesterol = arriba_de_lo_normal => enfermedad_cardiovascular = si,0.001,0.60,gaussiana,"presion_diastolica(c=0.142, r=0.121) Y actividad_fisica=1",2,0.012784750869629092,0.0038816396688818723,0.7951873438927736,0.10082180958134733,0.6757132944968915,0.056761133636484516,2,0.9458826520681878
130,RD_0052,presion_sistolica cercana a 102.00 con radio ±12.57 => enfermedad_cardiovascular = no,0.001,0.60,triangular,"peso_kg(c=0.617, r=0.193) Y presion_diastolica(c=0.488, r=0.091) Y alcohol=0",3,0.012633644807379774,0.0017823467279054583,0.7318157863253579,0.1067565482303807,0.6558856026389359,0.07704785564158557,1,0.0
131,RD_0736,colesterol = arriba_de_lo_normal Y actividad_fisica = si => enfermedad_cardiovascular = si,0.001,0.60,gaussiana,"presion_diastolica(c=0.165, r=0.295) Y sexo=1",2,0.01252642986635685,0.007257514777927999,0.621948299253952,0.18373455133994937,0.41877765735641603,0.08973566029356557,1,0.0
132,RD_0732,presion_diastolica cercana a 73.27 con radio ±19.49 => enfermedad_cardiovascular = no,0.001,0.60,gaussiana,colesterol=3 Y actividad_fisica=1,2,0.012301030104392475,0.02490596742974689,0.7092316494700754,0.1437750703645539,0.5239499709123091,0.07043246943772369,6,1.0
133,RD_0820,sexo = mujer Y colesterol = arriba_de_lo_normal => enfermedad_cardiovascular = si,0.001,0.60,gaussiana,"presion_diastolica(c=0.167, r=0.135) Y fumador=0 Y alcohol=0",3,0.012069700758018578,0.004571719903191925,0.8128098692997693,0.11874597151147856,0.7036156263913015,0.06861530816148338,1,0.0
134,RD_0820,sexo = mujer Y colesterol = arriba_de_lo_normal => enfermedad_cardiovascular = si,0.001,0.60,gaussiana,"presion_diastolica(c=0.171, r=0.250) Y fumador=0 Y alcohol=0",3,0.011669687868979282,0.007186355311694061,0.678831800044939,0.18665857952452108,0.4914836834044869,0.09497518036117776,1,0.0
135,RD_0735,colesterol = arriba_de_lo_normal Y actividad_fisica = si => enfermedad_cardiovascular = si,0.001,0.60,triangular,"presion_sistolica(c=0.404, r=0.165) Y presion_diastolica(c=0.225, r=0.269) Y sexo=1",3,0.011496218739756653,0.008878345291405229,0.6173106793132013,0.2247682352254488,0.4116477110529489,0.11170929346698523,1,0.0
136,RD_0763,colesterol = arriba_de_lo_normal Y fumador = no => enfermedad_cardiovascular = si,0.001,0.60,gaussiana,"presion_diastolica(c=0.177, r=0.300) Y sexo=1 Y glucosa=1",3,0.01118420271974699,0.0075255972413976295,0.6935349695906478,0.16011909024250276,0.5250688125235184,0.08520180557664363,1,0.0
137,RD_0356,presion_sistolica cercana a 111.46 con radio ±24.60 => enfermedad_cardiovascular = no,0.001,0.60,triangular,"presion_diastolica(c=0.465, r=0.083) Y colesterol=3",2,0.010906512403720947,0.01508516317636456,0.713413431898965,0.10328126494847584,0.5688063863708104,0.057523153739403796,1,0.0
138,RD_0732,presion_diastolica cercana a 73.27 con radio ±19.49 => enfermedad_cardiovascular = no,0.001,0.60,gaussiana,sexo=1 Y colesterol=3,2,0.010488446704161977,0.021713754701137622,0.706849793349413,0.12534733367980042,0.5200503626039854,0.06050440952474936,4,1.0
139,RD_0356,presion_sistolica cercana a 111.46 con radio ±24.60 => enfermedad_cardiovascular = no,0.001,0.60,triangular,sexo=1 Y colesterol=3,2,0.009991310209090718,0.016091701923163088,0.6750446109027081,0.11017257886889034,0.5110772656876844,0.05864853054447741,4,1.0
140,RD_0356,presion_sistolica cercana a 111.46 con radio ±24.60 => enfermedad_cardiovascular = no,0.001,0.60,triangular,colesterol=3 Y alcohol=0 Y actividad_fisica=1,3,0.009934500527952065,0.019198761763067663,0.6977848815948546,0.13144520726436845,0.5452919169870285,0.072874731632513,1,0.0
141,RD_0146,presion_sistolica cercana a 102.00 con radio ±27.78 => enfermedad_cardiovascular = no,0.001,0.60,triangular,"altura_cm(c=0.572, r=0.290) Y colesterol=3 Y fumador=0",3,0.009893084932289003,0.010074407202294236,0.6633153173461248,0.12665464504808,0.5253274247707003,0.07532890510414321,4,0.9222015218902997
142,RD_0250,colesterol = muy_arriba_de_lo_normal Y fumador = no => enfermedad_cardiovascular = si,0.001,0.60,triangular,sexo=2 Y actividad_fisica=0,2,0.00985966917028428,0.0025,0.625,0.09615384615384616,0.49754901960784315,0.059449433814916054,30,1.0
143,RD_0251,colesterol = muy_arriba_de_lo_normal Y fumador = no => enfermedad_cardiovascular = si,0.001,0.60,gaussiana,sexo=2 Y actividad_fisica=0,2,0.00985966917028428,0.0025,0.625,0.09615384615384616,0.49754901960784315,0.059449433814916054,29,1.0
144,RD_0732,presion_diastolica cercana a 73.27 con radio ±19.49 => enfermedad_cardiovascular = no,0.001,0.60,gaussiana,"presion_sistolica(c=0.465, r=0.093) Y colesterol=3",2,0.009812722434198111,0.017206126796121032,0.7473967619269787,0.0993260790929605,0.5864344292865844,0.05019856582841968,1,0.0
145,RD_0052,presion_sistolica cercana a 102.00 con radio ±12.57 => enfermedad_cardiovascular = no,0.001,0.60,triangular,"peso_kg(c=0.551, r=0.094) Y presion_diastolica(c=0.436, r=0.107) Y sexo=1",3,0.009801248437083236,0.0011852936592439964,0.802617660113475,0.07099508626413464,0.7467333963878628,0.05250199594390361,1,0.0
146,RD_0076,colesterol = muy_arriba_de_lo_normal => enfermedad_cardiovascular = si,0.001,0.60,triangular,sexo=2 Y alcohol=0 Y actividad_fisica=0,3,0.00978861737136933,0.0035,0.6363636363636364,0.1206896551724138,0.5130249867091972,0.07632078456184752,10,1.0
147,RD_0279,presion_sistolica cercana a 111.46 con radio ±24.60 => enfermedad_cardiovascular = no,0.001,0.60,gaussiana,colesterol=3 Y alcohol=0 Y actividad_fisica=1,3,0.009410995151645564,0.015578371479090976,0.6826009968063445,0.1260865261350758,0.5317525920232479,0.07079228417740649,2,1.0
148,RD_0561,glucosa = muy_arriba_de_lo_normal => enfermedad_cardiovascular = si,0.001,0.60,gaussiana,"edad_anios(c=0.436, r=0.096) Y colesterol=1 Y alcohol=0",3,0.009027237960403105,0.0023144344095936045,0.8713200563484099,0.07588309539651161,0.7965631367032004,0.04533093508577289,1,0.0
149,RD_0076,colesterol = muy_arriba_de_lo_normal => enfermedad_cardiovascular = si,0.001,0.60,triangular,"altura_cm(c=0.535, r=0.185) Y sexo=2 Y actividad_fisica=0",3,0.008916770546790563,0.0014700790750478284,0.9579379474792593,0.050692381898200974,0.9436712863903531,0.03779608715614606,2,0.9425961615221213
150,RD_0279,presion_sistolica cercana a 111.46 con radio ±24.60 => enfermedad_cardiovascular = no,0.001,0.60,gaussiana,sexo=1 Y colesterol=3,2,0.008783280917619173,0.012659673924565755,0.6501447605212899,0.10246348980018286,0.4838710663718101,0.05445633058912869,2,1.0
151,RD_0459,colesterol = arriba_de_lo_normal => enfermedad_cardiovascular = si,0.001,0.60,gaussiana,"presion_sistolica(c=0.480, r=0.108) Y presion_diastolica(c=0.405, r=0.148) Y sexo=1",3,0.008412340056825417,0.00882636223445148,0.6187384906050973,0.17306592616571528,0.40965959835627974,0.0821398067134678,1,0.0
152,RD_0279,presion_sistolica cercana a 111.46 con radio ±24.60 => enfermedad_cardiovascular = no,0.001,0.60,gaussiana,"presion_diastolica(c=0.465, r=0.083) Y colesterol=3",2,0.008204056817406203,0.009855176239099978,0.6968116079516732,0.07976475192576196,0.5527169988664095,0.044529425551768344,1,0.0
153,RD_0076,colesterol = muy_arriba_de_lo_normal => enfermedad_cardiovascular = si,0.001,0.60,triangular,"edad_anios(c=0.422, r=0.083) Y peso_kg(c=0.548, r=0.159)",2,0.008135820318000666,0.0014542863292200474,0.7820620069031999,0.050147804455863705,0.7081415180165659,0.03446692551280551,1,0.0
154,RD_0820,sexo = mujer Y colesterol = arriba_de_lo_normal => enfermedad_cardiovascular = si,0.001,0.60,gaussiana,"edad_anios(c=0.450, r=0.109) Y presion_diastolica(c=0.423, r=0.200) Y alcohol=0",3,0.007968609764476879,0.0037951823414352774,0.7502606271298075,0.09857616471260461,0.6045793262888619,0.052721682121624903,1,0.0
155,RD_0279,presion_sistolica cercana a 111.46 con radio ±24.60 => enfermedad_cardiovascular = no,0.001,0.60,gaussiana,colesterol=3 Y glucosa=3,2,0.007967234062545944,0.011478561566403535,0.6513525469821183,0.0929039312535297,0.48565287058033585,0.04921560982245663,2,0.9927060885378869
156,RD_0732,presion_diastolica cercana a 73.27 con radio ±19.49 => enfermedad_cardiovascular = no,0.001,0.60,gaussiana,"presion_sistolica(c=0.509, r=0.095) Y colesterol=3",2,0.0078739678072762,0.010399558858646464,0.8293166000848883,0.06003369718039539,0.7205547393783057,0.03278294087998029,1,0.0
157,RD_0076,colesterol = muy_arriba_de_lo_normal => enfermedad_cardiovascular = si,0.001,0.60,triangular,"edad_anios(c=0.449, r=0.098) Y altura_cm(c=0.581, r=0.148) Y glucosa=3",3,0.007809265290698922,0.0025346373109242917,0.6686570742029098,0.08740128658359626,0.5562717543419083,0.05615431831470641,1,0.0
158,RD_0732,presion_diastolica cercana a 73.27 con radio ±19.49 => enfermedad_cardiovascular = no,0.001,0.60,gaussiana,"presion_sistolica(c=0.484, r=0.061) Y colesterol=3",2,0.007788649670512825,0.008876952131622635,0.878077200630043,0.051244121351514654,0.80038627972838,0.0291933402699856,1,0.0
159,RD_0356,presion_sistolica cercana a 111.46 con radio ±24.60 => enfermedad_cardiovascular = no,0.001,0.60,triangular,"presion_diastolica(c=0.489, r=0.089) Y colesterol=3",2,0.007646919205320546,0.010191867436499257,0.7276421775807109,0.06977909013792323,0.5902147318790331,0.03886849374790503,1,0.0
160,RD_0560,glucosa = muy_arriba_de_lo_normal => enfermedad_cardiovascular = si,0.001,0.60,triangular,"edad_anios(c=0.433, r=0.120) Y colesterol=1 Y alcohol=0",3,0.007542021945454558,0.0028606319471152376,0.7486600665740714,0.09379121138082745,0.6026435338218652,0.050059589274105754,1,0.0
161,RD_0251,colesterol = muy_arriba_de_lo_normal Y fumador = no => enfermedad_cardiovascular = si,0.001,0.60,gaussiana,"edad_anios(c=0.447, r=0.083) Y altura_cm(c=0.577, r=0.208)",2,0.007286433337785978,0.0019476995673409435,0.6134722155511736,0.07491152182080553,0.4821032953463437,0.0453415278932167,1,0.0
162,RD_0459,colesterol = arriba_de_lo_normal => enfermedad_cardiovascular = si,0.001,0.60,gaussiana,"altura_cm(c=0.347, r=0.090) Y presion_sistolica(c=0.476, r=0.101)",2,0.0068644060001603144,0.0031231597531323576,0.7525836370508049,0.06123842653200701,0.6169036960786657,0.0333815766243277,1,0.0
163,RD_0356,presion_sistolica cercana a 111.46 con radio ±24.60 => enfermedad_cardiovascular = no,0.001,0.60,triangular,"altura_cm(c=0.507, r=0.122) Y colesterol=3 Y alcohol=0",3,0.006860732902699622,0.012584546928145738,0.7170376992498924,0.08616068055390963,0.574259401653975,0.047788388891427266,1,0.0
164,RD_0279,presion_sistolica cercana a 111.46 con radio ±24.60 => enfermedad_cardiovascular = no,0.001,0.60,gaussiana,"altura_cm(c=0.509, r=0.119) Y colesterol=3",2,0.006788350733472504,0.008607852418563417,0.6842847304319117,0.06966929825731713,0.5342365440771684,0.038119916030072,1,0.0
165,RD_0146,presion_sistolica cercana a 102.00 con radio ±27.78 => enfermedad_cardiovascular = no,0.001,0.60,triangular,"presion_diastolica(c=0.416, r=0.105) Y sexo=1 Y colesterol=3",3,0.006633989976277036,0.005763192482680948,0.7154054945640376,0.07245439692684755,0.5987664014692521,0.04431771695939225,1,0.0
166,RD_0076,colesterol = muy_arriba_de_lo_normal => enfermedad_cardiovascular = si,0.001,0.60,triangular,sexo=2 Y fumador=0 Y actividad_fisica=0,3,0.006611924226622103,0.0025,0.625,0.08620689655172414,0.49780701754385964,0.05312841316898113,2,1.0
167,RD_0077,colesterol = muy_arriba_de_lo_normal => enfermedad_cardiovascular = si,0.001,0.60,gaussiana,sexo=2 Y fumador=0 Y actividad_fisica=0,3,0.006611924226622103,0.0025,0.625,0.08620689655172414,0.49780701754385964,0.05312841316898113,1,0.0
168,RD_0250,colesterol = muy_arriba_de_lo_normal Y fumador = no => enfermedad_cardiovascular = si,0.001,0.60,triangular,sexo=2 Y glucosa=1 Y actividad_fisica=0,3,0.006474079139245952,0.0015,0.75,0.057692307692307696,0.6650326797385621,0.03893991580558745,2,1.0
169,RD_0251,colesterol = muy_arriba_de_lo_normal Y fumador = no => enfermedad_cardiovascular = si,0.001,0.60,gaussiana,sexo=2 Y glucosa=1 Y actividad_fisica=0,3,0.006474079139245952,0.0015,0.75,0.057692307692307696,0.6650326797385621,0.03893991580558745,3,1.0
170,RD_0077,colesterol = muy_arriba_de_lo_normal => enfermedad_cardiovascular = si,0.001,0.60,gaussiana,"edad_anios(c=0.438, r=0.089) Y altura_cm(c=0.580, r=0.219) Y actividad_fisica=1",3,0.005607538137179579,0.002137779864529133,0.6241945669269201,0.07371654705272872,0.4967283966448228,0.04515576862571965,1,0.0
171,RD_0077,colesterol = muy_arriba_de_lo_normal => enfermedad_cardiovascular = si,0.001,0.60,gaussiana,"edad_anios(c=0.443, r=0.108) Y altura_cm(c=0.573, r=0.165) Y fumador=0",3,0.0052103044225907166,0.0021684264786918962,0.6014767734951699,0.0747733268514447,0.4663051528093211,0.04469437569969367,1,0.0
172,RD_0077,colesterol = muy_arriba_de_lo_normal => enfermedad_cardiovascular = si,0.001,0.60,gaussiana,"edad_anios(c=0.433, r=0.102) Y altura_cm(c=0.664, r=0.228) Y glucosa=3",3,0.005205619857968154,0.0015217934375215346,0.7064784417848586,0.05247563577660465,0.606921422039372,0.03430836130632051,1,0.0
173,RD_0076,colesterol = muy_arriba_de_lo_normal => enfermedad_cardiovascular = si,0.001,0.60,triangular,"edad_anios(c=0.433, r=0.092) Y altura_cm(c=0.584, r=0.124) Y fumador=0",3,0.0048365922858493475,0.0020096431658505483,0.6024692921501922,0.06929804020174304,0.4676343152186784,0.041370721766537825,1,0.0
174,RD_0076,colesterol = muy_arriba_de_lo_normal => enfermedad_cardiovascular = si,0.001,0.60,triangular,"edad_anios(c=0.424, r=0.088) Y sexo=2 Y glucosa=3",3,0.004449268427110245,0.0011266211104629163,0.7597702005960609,0.03884900380906608,0.6782887481666547,0.026238196869024667,1,0.0
