posicion,regla_id_dominante,regla_dominante,soporte_busqueda,confianzas_familia,metodo_similitud,Z,numero_condiciones_Z,fitness,soporte_anomalo,confianza_anomala,confianza_inversa,cf_directo,cf_inverso,miembros_familia_jaccard,jaccard_maximo_familia,nivel_confianza
149,RD_0076,colesterol = muy_arriba_de_lo_normal => enfermedad_cardiovascular = si,0.001,0.60,triangular,"altura_cm(c=0.535, r=0.185) Y sexo=2 Y actividad_fisica=0",3,0.008916770546790563,0.0014700790750478284,0.9579379474792593,0.050692381898200974,0.9436712863903531,0.03779608715614606,2,0.9425961615221213,alta
128,RD_0052,presion_sistolica cercana a 102.00 con radio ±12.57 => enfermedad_cardiovascular = no,0.001,0.60,triangular,"presion_diastolica(c=0.430, r=0.108) Y colesterol=3 Y fumador=0",3,0.012871345812421074,0.001329706754793165,0.8796942048309493,0.07964494285977632,0.8456323896310085,0.060883882737923424,1,0.0,alta
111,RD_0039,presion_sistolica cercana a 102.00 con radio ±12.57 => enfermedad_cardiovascular = no,0.001,0.60,gaussiana,"peso_kg(c=0.559, r=0.112) Y presion_diastolica(c=0.414, r=0.109) Y alcohol=0",3,0.016716619533292357,0.0010278121411373192,0.8795821706772667,0.10008603523226035,0.8488502982593787,0.07877299244670512,1,0.0,alta
158,RD_0732,presion_diastolica cercana a 73.27 con radio ±19.49 => enfermedad_cardiovascular = no,0.001,0.60,gaussiana,"presion_sistolica(c=0.484, r=0.061) Y colesterol=3",2,0.007788649670512825,0.008876952131622635,0.878077200630043,0.051244121351514654,0.80038627972838,0.0291933402699856,1,0.0,alta
122,RD_0561,glucosa = muy_arriba_de_lo_normal => enfermedad_cardiovascular = si,0.001,0.60,gaussiana,colesterol=1 Y fumador=0 Y actividad_fisica=0,3,0.01402793011788654,0.0035,0.875,0.11475409836065574,0.8023809523809524,0.06993152106246109,5,1.0,alta
123,RD_0560,glucosa = muy_arriba_de_lo_normal => enfermedad_cardiovascular = si,0.001,0.60,triangular,colesterol=1 Y fumador=0 Y actividad_fisica=0,3,0.01402793011788654,0.0035,0.875,0.11475409836065574,0.8023809523809524,0.06993152106246109,6,1.0,alta
148,RD_0561,glucosa = muy_arriba_de_lo_normal => enfermedad_cardiovascular = si,0.001,0.60,gaussiana,"edad_anios(c=0.436, r=0.096) Y colesterol=1 Y alcohol=0",3,0.009027237960403105,0.0023144344095936045,0.8713200563484099,0.07588309539651161,0.7965631367032004,0.04533093508577289,1,0.0,alta
116,RD_0052,presion_sistolica cercana a 102.00 con radio ±12.57 => enfermedad_cardiovascular = no,0.001,0.60,triangular,"peso_kg(c=0.567, r=0.099) Y presion_diastolica(c=0.449, r=0.107) Y alcohol=0",3,0.014788185533730808,0.0015509587051073836,0.8698966109394278,0.09289718729402456,0.8330608326725532,0.07100650974689875,2,0.9323274955888253,alta
3,RD_0138,edad_anios cercana a 42.31 con radio ±4.28 => enfermedad_cardiovascular = no,0.001,0.60,triangular,"presion_sistolica(c=0.690, r=0.187)",1,0.12056415515677592,0.01147699113981668,0.8595250329888304,0.3905243251613205,0.8036615664231734,0.3000371305383342,2,0.9347421246364149,alta
65,RD_0820,sexo = mujer Y colesterol = arriba_de_lo_normal => enfermedad_cardiovascular = si,0.001,0.60,gaussiana,"presion_diastolica(c=0.143, r=0.138)",1,0.03609463389198795,0.005913450823299022,0.8553550038482032,0.15359612528049407,0.7709787560929885,0.09363327745864515,13,0.9951155254394214,alta
9,RD_0138,edad_anios cercana a 42.31 con radio ±4.28 => enfermedad_cardiovascular = no,0.001,0.60,triangular,"presion_sistolica(c=0.678, r=0.182) Y actividad_fisica=1",2,0.0631289488427639,0.009354316815901882,0.8549805542003721,0.3182966874655639,0.7973098593131225,0.23753230229894226,1,0.0,alta
66,RD_1181,sexo = mujer Y colesterol = normal Y alcohol = no Y actividad_fisica = no => enfermedad_cardiovascular = no,0.001,0.60,gaussiana,"presion_sistolica(c=0.680, r=0.176)",1,0.03534940272492737,0.005714324834957832,0.8525552266605186,0.16096689675937556,0.7565132183384711,0.09345349656299519,1,0.0,alta
73,RD_0138,edad_anios cercana a 42.31 con radio ±4.28 => enfermedad_cardiovascular = no,0.001,0.60,triangular,"altura_cm(c=0.708, r=0.196) Y presion_sistolica(c=0.665, r=0.154) Y glucosa=1",3,0.030935265811233178,0.006411999578473789,0.8499518824527358,0.2181792926223471,0.7902814075191138,0.15657848213003783,1,0.0,alta
52,RD_0247,presion_sistolica cercana a 102.00 con radio ±14.32 Y colesterol = normal Y fumador = no Y alcohol = no => enfermedad_cardiovascular = no,0.001,0.60,gaussiana,"peso_kg(c=0.549, r=0.117) Y presion_diastolica(c=0.436, r=0.097)",2,0.04076431470975565,0.0010516851526793606,0.8456594818473829,0.1730300754678452,0.820916066878435,0.1489713127363807,20,0.9990429448222148,alta
103,RD_0820,sexo = mujer Y colesterol = arriba_de_lo_normal => enfermedad_cardiovascular = si,0.001,0.60,gaussiana,"presion_diastolica(c=0.174, r=0.162) Y glucosa=1",2,0.018255415710590184,0.004742229148247887,0.8411359788401076,0.12317478307137368,0.7484652998301704,0.07317139103736302,1,0.0,alta
113,RD_0052,presion_sistolica cercana a 102.00 con radio ±12.57 => enfermedad_cardiovascular = no,0.001,0.60,triangular,"peso_kg(c=0.554, r=0.105) Y presion_diastolica(c=0.444, r=0.107) Y alcohol=0",3,0.0159498846042192,0.0017962490307718013,0.8317236894658898,0.10758924921006506,0.7840801276251113,0.08136864609758479,9,0.9897314518179297,alta
156,RD_0732,presion_diastolica cercana a 73.27 con radio ±19.49 => enfermedad_cardiovascular = no,0.001,0.60,gaussiana,"presion_sistolica(c=0.509, r=0.095) Y colesterol=3",2,0.0078739678072762,0.010399558858646464,0.8293166000848883,0.06003369718039539,0.7205547393783057,0.03278294087998029,1,0.0,alta
62,RD_1181,sexo = mujer Y colesterol = normal Y alcohol = no Y actividad_fisica = no => enfermedad_cardiovascular = no,0.001,0.60,gaussiana,"presion_sistolica(c=0.670, r=0.185)",1,0.03809758010168429,0.006560637554258969,0.8288979545117849,0.18480669166926675,0.7174461634139567,0.10620331404491044,2,0.8900046318431696,alta
70,RD_0311,presion_sistolica cercana a 102.00 con radio ±14.32 Y colesterol = normal Y fumador = no Y alcohol = no => enfermedad_cardiovascular = no,0.001,0.60,triangular,"peso_kg(c=0.565, r=0.118) Y presion_diastolica(c=0.423, r=0.079)",2,0.032357778979756883,0.0014440669622427626,0.8253291173502839,0.14682134033005614,0.7929666911577025,0.12241792501718719,29,0.9996119930364638,alta
24,RD_0138,edad_anios cercana a 42.31 con radio ±4.28 => enfermedad_cardiovascular = no,0.001,0.60,triangular,"presion_sistolica(c=0.667, r=0.207) Y alcohol=0 Y actividad_fisica=1",3,0.04806433067818794,0.010131203705845842,0.8219690644869272,0.34473159751524507,0.7511705056739795,0.2559436522873738,1,0.0,alta
2,RD_0138,edad_anios cercana a 42.31 con radio ±4.28 => enfermedad_cardiovascular = no,0.001,0.60,triangular,"presion_sistolica(c=0.676, r=0.189)",1,0.1243209044958437,0.012683872740894568,0.8209796024488025,0.43159054339472464,0.7497875587277546,0.33161634398626827,3,0.919796019304816,alta
7,RD_0138,edad_anios cercana a 42.31 con radio ±4.28 => enfermedad_cardiovascular = no,0.001,0.60,triangular,"presion_sistolica(c=0.668, r=0.177) Y fumador=0",2,0.06457289381733153,0.010275719593904505,0.8183353411738274,0.3496489986852611,0.7460917392679416,0.25964458692716474,1,0.0,alta
42,RD_1180,sexo = mujer Y colesterol = normal Y alcohol = no Y actividad_fisica = no => enfermedad_cardiovascular = no,0.001,0.60,triangular,"presion_sistolica(c=0.643, r=0.145)",1,0.04284113432922116,0.0075794627625976494,0.8162100218818313,0.21350599331260983,0.6964936141167857,0.12301946051162992,9,0.9674454329366846,alta
27,RD_1037,edad_anios cercana a 52.27 con radio ±2.26 Y colesterol = normal Y glucosa = normal Y alcohol = no => enfermedad_cardiovascular = no,0.001,0.60,gaussiana,"presion_sistolica(c=0.629, r=0.099)",1,0.047363774147762834,0.0040423013428384355,0.8156555843950996,0.21427662066982445,0.7130922092829848,0.132840531788693,3,0.9410311901735308,alta
89,RD_0311,presion_sistolica cercana a 102.00 con radio ±14.32 Y colesterol = normal Y fumador = no Y alcohol = no => enfermedad_cardiovascular = no,0.001,0.60,triangular,"peso_kg(c=0.593, r=0.119) Y presion_diastolica(c=0.414, r=0.074)",2,0.025557607407877908,0.001169295316335578,0.8143286241277385,0.118884726314503,0.7799280640195545,0.09830755650525146,1,0.0,alta
94,RD_1180,sexo = mujer Y colesterol = normal Y alcohol = no Y actividad_fisica = no => enfermedad_cardiovascular = no,0.001,0.60,triangular,"presion_sistolica(c=0.652, r=0.139) Y glucosa=1",2,0.022711115020656647,0.006194583601543465,0.8142737964598291,0.17449531271953425,0.6932961776400847,0.09827451421106846,1,0.0,alta
8,RD_0138,edad_anios cercana a 42.31 con radio ±4.28 => enfermedad_cardiovascular = no,0.001,0.60,triangular,"presion_sistolica(c=0.615, r=0.119) Y glucosa=1",2,0.06378625366778407,0.010271949160548384,0.8133365363972859,0.34952070321791895,0.7391050318106301,0.25890604551097307,1,0.0,alta
133,RD_0820,sexo = mujer Y colesterol = arriba_de_lo_normal => enfermedad_cardiovascular = si,0.001,0.60,gaussiana,"presion_diastolica(c=0.167, r=0.135) Y fumador=0 Y alcohol=0",3,0.012069700758018578,0.004571719903191925,0.8128098692997693,0.11874597151147856,0.7036156263913015,0.06861530816148338,1,0.0,alta
78,RD_0561,glucosa = muy_arriba_de_lo_normal => enfermedad_cardiovascular = si,0.001,0.60,gaussiana,sexo=2 Y colesterol=1,2,0.03029586260733801,0.0065,0.8125,0.21311475409836064,0.7035714285714285,0.12918032786885245,1,0.0,alta
79,RD_0560,glucosa = muy_arriba_de_lo_normal => enfermedad_cardiovascular = si,0.001,0.60,triangular,sexo=2 Y colesterol=1,2,0.03029586260733801,0.0065,0.8125,0.21311475409836064,0.7035714285714285,0.12918032786885245,2,0.875,alta
5,RD_0138,edad_anios cercana a 42.31 con radio ±4.28 => enfermedad_cardiovascular = no,0.001,0.60,triangular,"presion_sistolica(c=0.691, r=0.217) Y alcohol=0",2,0.07660634716716491,0.01210598902568141,0.8106463910576353,0.41192705797802853,0.7353450813132649,0.3125322346496928,1,0.0,alta
90,RD_1181,sexo = mujer Y colesterol = normal Y alcohol = no Y actividad_fisica = no => enfermedad_cardiovascular = no,0.001,0.60,gaussiana,"presion_sistolica(c=0.658, r=0.184) Y fumador=0",2,0.025415547116396486,0.006943677219820964,0.8105140552283209,0.19559654140340743,0.687087430652273,0.11097079927194448,1,0.0,alta
57,RD_1037,edad_anios cercana a 52.27 con radio ±2.26 Y colesterol = normal Y glucosa = normal Y alcohol = no => enfermedad_cardiovascular = no,0.001,0.60,gaussiana,"presion_sistolica(c=0.650, r=0.099)",1,0.039895768518330835,0.0035188683598656924,0.809246139328432,0.18653018584817688,0.7031167526478299,0.11348262822095899,2,0.9724649119706301,alta
54,RD_1180,sexo = mujer Y colesterol = normal Y alcohol = no Y actividad_fisica = no => enfermedad_cardiovascular = no,0.001,0.60,triangular,"presion_sistolica(c=0.668, r=0.174)",1,0.04059566299089825,0.007392269675881343,0.8086007308248314,0.20823294861637584,0.6839278123712812,0.11871329768019506,2,0.9264923016396245,alta
145,RD_0052,presion_sistolica cercana a 102.00 con radio ±12.57 => enfermedad_cardiovascular = no,0.001,0.60,triangular,"peso_kg(c=0.551, r=0.094) Y presion_diastolica(c=0.436, r=0.107) Y sexo=1",3,0.009801248437083236,0.0011852936592439964,0.802617660113475,0.07099508626413464,0.7467333963878628,0.05250199594390361,1,0.0,alta
55,RD_1105,edad_anios cercana a 52.27 con radio ±2.26 Y colesterol = normal Y glucosa = normal Y alcohol = no => enfermedad_cardiovascular = no,0.001,0.60,triangular,"presion_sistolica(c=0.623, r=0.070)",1,0.040171916244475483,0.004699600626020841,0.795785601131746,0.2025235820266665,0.6747114744657257,0.1190787996492452,1,0.0,alta
129,RD_0820,sexo = mujer Y colesterol = arriba_de_lo_normal => enfermedad_cardiovascular = si,0.001,0.60,gaussiana,"presion_diastolica(c=0.142, r=0.121) Y actividad_fisica=1",2,0.012784750869629092,0.0038816396688818723,0.7951873438927736,0.10082180958134733,0.6757132944968915,0.056761133636484516,2,0.9458826520681878,alta
25,RD_1037,edad_anios cercana a 52.27 con radio ±2.26 Y colesterol = normal Y glucosa = normal Y alcohol = no => enfermedad_cardiovascular = no,0.001,0.60,gaussiana,"presion_sistolica(c=0.616, r=0.107)",1,0.04795647356421471,0.004332439118557198,0.7947950268672145,0.22965640976442508,0.6806255004119208,0.1409188269766296,1,0.0,alta
32,RD_0138,edad_anios cercana a 42.31 con radio ±4.28 => enfermedad_cardiovascular = no,0.001,0.60,triangular,"presion_sistolica(c=0.694, r=0.243) Y glucosa=1 Y actividad_fisica=1",3,0.044826559940123974,0.010100419253216414,0.7944888564645612,0.343684103669331,0.7127620894823055,0.2515653433402019,1,0.0,alta
75,RD_0820,sexo = mujer Y colesterol = arriba_de_lo_normal => enfermedad_cardiovascular = si,0.001,0.60,gaussiana,"presion_diastolica(c=0.120, r=0.213)",1,0.030855212994008598,0.006141270667416851,0.7915622696549612,0.15951352382900913,0.6699735936203554,0.09210874365144872,2,0.8991705558182177,alta
31,RD_0138,edad_anios cercana a 42.31 con radio ±4.28 => enfermedad_cardiovascular = no,0.001,0.60,triangular,"presion_sistolica(c=0.655, r=0.212) Y fumador=0 Y actividad_fisica=1",3,0.045233663318979545,0.010339079768030607,0.7874397113436793,0.3518049373752247,0.702909671357305,0.257408114653675,1,0.0,alta
41,RD_1181,sexo = mujer Y colesterol = normal Y alcohol = no Y actividad_fisica = no => enfermedad_cardiovascular = no,0.001,0.60,gaussiana,"presion_sistolica(c=0.670, r=0.233)",1,0.04303502165520672,0.008338645080885929,0.786945854114703,0.2348914107291811,0.6481674655105186,0.13278982344882392,3,0.9158401393566427,alta
20,RD_1037,edad_anios cercana a 52.27 con radio ±2.26 Y colesterol = normal Y glucosa = normal Y alcohol = no => enfermedad_cardiovascular = no,0.001,0.60,gaussiana,"presion_sistolica(c=0.631, r=0.130)",1,0.052118193862936694,0.00477214847228941,0.7868872630811637,0.2529647745803177,0.6683181081325122,0.155968223002579,3,0.927160768303839,alta
56,RD_1139,altura_cm cercana a 159.77 con radio ±5.83 Y sexo = mujer Y colesterol = normal Y actividad_fisica = no => enfermedad_cardiovascular = no,0.001,0.60,triangular,"presion_sistolica(c=0.641, r=0.132)",1,0.039905728169236515,0.002134092999998568,0.7830974137936433,0.21550140397871453,0.6484622432475392,0.1230780314036054,2,0.8943014369841165,alta
153,RD_0076,colesterol = muy_arriba_de_lo_normal => enfermedad_cardiovascular = si,0.001,0.60,triangular,"edad_anios(c=0.422, r=0.083) Y peso_kg(c=0.548, r=0.159)",2,0.008135820318000666,0.0014542863292200474,0.7820620069031999,0.050147804455863705,0.7081415180165659,0.03446692551280551,1,0.0,alta
60,RD_1180,sexo = mujer Y colesterol = normal Y alcohol = no Y actividad_fisica = no => enfermedad_cardiovascular = no,0.001,0.60,triangular,"presion_sistolica(c=0.629, r=0.139)",1,0.03856958929893029,0.0077187537438919394,0.7808882209340177,0.2174296829265335,0.6381640345699374,0.12087672513516863,1,0.0,alta
46,RD_1105,edad_anios cercana a 52.27 con radio ±2.26 Y colesterol = normal Y glucosa = normal Y alcohol = no => enfermedad_cardiovascular = no,0.001,0.60,triangular,"presion_sistolica(c=0.607, r=0.076)",1,0.042100426002717094,0.005134131182473872,0.780668624483799,0.22124914868559784,0.6506319821694009,0.1294139456912085,1,0.0,alta
35,RD_0138,edad_anios cercana a 42.31 con radio ±4.28 => enfermedad_cardiovascular = no,0.001,0.60,triangular,"altura_cm(c=0.734, r=0.191) Y presion_sistolica(c=0.643, r=0.174)",2,0.04429339735170086,0.007987525502435826,0.7804682560201637,0.27178926676399034,0.6931658383663277,0.19170043400909412,1,0.0,alta
59,RD_1180,sexo = mujer Y colesterol = normal Y alcohol = no Y actividad_fisica = no => enfermedad_cardiovascular = no,0.001,0.60,triangular,"presion_sistolica(c=0.690, r=0.210)",1,0.03921737051851546,0.007876544079312802,0.7792566496747095,0.22187448110740288,0.6354696967105294,0.1234279800327909,1,0.0,alta
17,RD_1105,edad_anios cercana a 52.27 con radio ±2.26 Y colesterol = normal Y glucosa = normal Y alcohol = no => enfermedad_cardiovascular = no,0.001,0.60,triangular,"presion_sistolica(c=0.630, r=0.110)",1,0.054105490935416015,0.006494547785692031,0.7760419402373245,0.2798746501817903,0.643262240833878,0.16822218840414954,24,0.9871281013623314,alta
50,RD_1180,sexo = mujer Y colesterol = normal Y alcohol = no Y actividad_fisica = no => enfermedad_cardiovascular = no,0.001,0.60,triangular,"presion_sistolica(c=0.654, r=0.174)",1,0.04155214131525666,0.00840767996100567,0.7750067676248201,0.23683605523959633,0.6284515428666754,0.13223657985058637,4,0.9254209870412224,alta
47,RD_1037,edad_anios cercana a 52.27 con radio ±2.26 Y colesterol = normal Y glucosa = normal Y alcohol = no => enfermedad_cardiovascular = no,0.001,0.60,gaussiana,"presion_sistolica(c=0.603, r=0.100)",1,0.042092565176169765,0.00410722458238216,0.7730906518455225,0.21771810886986018,0.6468455008066512,0.13014719936577768,1,0.0,alta
1,RD_0138,edad_anios cercana a 42.31 con radio ±4.28 => enfermedad_cardiovascular = no,0.001,0.60,triangular,"presion_sistolica(c=0.679, r=0.220)",1,0.12562169113371924,0.014149424085620673,0.7710986992182636,0.4814584436933363,0.6800702374565378,0.369437402829285,10,0.9810436616202899,alta
38,RD_1181,sexo = mujer Y colesterol = normal Y alcohol = no Y actividad_fisica = no => enfermedad_cardiovascular = no,0.001,0.60,gaussiana,"presion_sistolica(c=0.647, r=0.217)",1,0.04408707890243452,0.00900938320206097,0.7698122773535432,0.2537854423115766,0.6198734855379612,0.14224540952634315,23,0.9917762562225996,alta
30,RD_1105,edad_anios cercana a 52.27 con radio ±2.26 Y colesterol = normal Y glucosa = normal Y alcohol = no => enfermedad_cardiovascular = no,0.001,0.60,triangular,"presion_sistolica(c=0.655, r=0.109)",1,0.045337058750441486,0.005677433880728101,0.7695111916483385,0.24466211870819385,0.6328595582075817,0.1432768397426042,1,0.0,alta
117,RD_0561,glucosa = muy_arriba_de_lo_normal => enfermedad_cardiovascular = si,0.001,0.60,gaussiana,sexo=2 Y colesterol=1 Y alcohol=0,3,0.01475109589863688,0.005,0.7692307692307693,0.16393442622950818,0.6351648351648352,0.09289617486338796,1,0.0,alta
118,RD_0560,glucosa = muy_arriba_de_lo_normal => enfermedad_cardiovascular = si,0.001,0.60,triangular,sexo=2 Y colesterol=1 Y alcohol=0,3,0.01475109589863688,0.005,0.7692307692307693,0.16393442622950818,0.6351648351648352,0.09289617486338796,1,0.0,alta
64,RD_1119,altura_cm cercana a 159.77 con radio ±5.83 Y sexo = mujer Y colesterol = normal Y actividad_fisica = no => enfermedad_cardiovascular = no,0.001,0.60,gaussiana,"presion_sistolica(c=0.624, r=0.142)",1,0.03673976637794945,0.001685488883857202,0.7673059574395841,0.20750490835348837,0.6261010201346404,0.11736050636061483,1,0.0,alta
105,RD_0763,colesterol = arriba_de_lo_normal Y fumador = no => enfermedad_cardiovascular = si,0.001,0.60,gaussiana,"presion_diastolica(c=0.158, r=0.260) Y glucosa=1",2,0.017973429731757036,0.006892769647452139,0.766406241212293,0.1466546733500455,0.6379979761477054,0.08451482796363577,1,0.0,alta
21,RD_0138,edad_anios cercana a 42.31 con radio ±4.28 => enfermedad_cardiovascular = no,0.001,0.60,triangular,"presion_sistolica(c=0.680, r=0.245) Y glucosa=1 Y alcohol=0",3,0.051253755558887906,0.012079186220508908,0.7656990788928002,0.41101504652181087,0.6725233198870411,0.304844480738581,2,0.9700534506121394,alta
174,RD_0076,colesterol = muy_arriba_de_lo_normal => enfermedad_cardiovascular = si,0.001,0.60,triangular,"edad_anios(c=0.424, r=0.088) Y sexo=2 Y glucosa=3",3,0.004449268427110245,0.0011266211104629163,0.7597702005960609,0.03884900380906608,0.6782887481666547,0.026238196869024667,1,0.0,alta
120,RD_0052,presion_sistolica cercana a 102.00 con radio ±12.57 => enfermedad_cardiovascular = no,0.001,0.60,triangular,"peso_kg(c=0.532, r=0.107) Y presion_diastolica(c=0.455, r=0.105) Y alcohol=0",3,0.014487980328169345,0.0019102315721504204,0.7587425643551907,0.11441641840536956,0.6904360777308529,0.08393524495872058,1,0.0,alta
162,RD_0459,colesterol = arriba_de_lo_normal => enfermedad_cardiovascular = si,0.001,0.60,gaussiana,"altura_cm(c=0.347, r=0.090) Y presion_sistolica(c=0.476, r=0.101)",2,0.0068644060001603144,0.0031231597531323576,0.7525836370508049,0.06123842653200701,0.6169036960786657,0.0333815766243277,1,0.0,alta
154,RD_0820,sexo = mujer Y colesterol = arriba_de_lo_normal => enfermedad_cardiovascular = si,0.001,0.60,gaussiana,"edad_anios(c=0.450, r=0.109) Y presion_diastolica(c=0.423, r=0.200) Y alcohol=0",3,0.007968609764476879,0.0037951823414352774,0.7502606271298075,0.09857616471260461,0.6045793262888619,0.052721682121624903,1,0.0,alta
110,RD_0052,presion_sistolica cercana a 102.00 con radio ±12.57 => enfermedad_cardiovascular = no,0.001,0.60,triangular,"peso_kg(c=0.556, r=0.099) Y presion_diastolica(c=0.443, r=0.108)",2,0.016994735452662682,0.0017213330108348216,0.7500988672709162,0.10310203268231964,0.6793451168858002,0.0750490510503789,13,0.9702924268535953,alta
168,RD_0250,colesterol = muy_arriba_de_lo_normal Y fumador = no => enfermedad_cardiovascular = si,0.001,0.60,triangular,sexo=2 Y glucosa=1 Y actividad_fisica=0,3,0.006474079139245952,0.0015,0.75,0.057692307692307696,0.6650326797385621,0.03893991580558745,2,1.0,alta
169,RD_0251,colesterol = muy_arriba_de_lo_normal Y fumador = no => enfermedad_cardiovascular = si,0.001,0.60,gaussiana,sexo=2 Y glucosa=1 Y actividad_fisica=0,3,0.006474079139245952,0.0015,0.75,0.057692307692307696,0.6650326797385621,0.03893991580558745,3,1.0,alta
43,RD_1180,sexo = mujer Y colesterol = normal Y alcohol = no Y actividad_fisica = no => enfermedad_cardiovascular = no,0.001,0.60,triangular,"presion_sistolica(c=0.642, r=0.176)",1,0.042526426347784946,0.009350345548201232,0.7498493998143306,0.26339001544228824,0.5869072657484359,0.14491702123862582,5,0.9355560493673687,alta
160,RD_0560,glucosa = muy_arriba_de_lo_normal => enfermedad_cardiovascular = si,0.001,0.60,triangular,"edad_anios(c=0.433, r=0.120) Y colesterol=1 Y alcohol=0",3,0.007542021945454558,0.0028606319471152376,0.7486600665740714,0.09379121138082745,0.6026435338218652,0.050059589274105754,1,0.0,alta
71,RD_0820,sexo = mujer Y colesterol = arriba_de_lo_normal => enfermedad_cardiovascular = si,0.001,0.60,gaussiana,"presion_diastolica(c=0.146, r=0.233)",1,0.031944819606946416,0.007301486738660824,0.7483739069748214,0.18964900619898242,0.6015920193768006,0.10620094209374187,4,0.9640594765004379,alta
16,RD_1037,edad_anios cercana a 52.27 con radio ±2.26 Y colesterol = normal Y glucosa = normal Y alcohol = no => enfermedad_cardiovascular = no,0.001,0.60,gaussiana,"presion_sistolica(c=0.623, r=0.145)",1,0.05424522786619739,0.00553767830311272,0.7483681174371376,0.29354441752588256,0.6083681338370028,0.178330273560091,5,0.9532544418371811,alta
80,RD_0311,presion_sistolica cercana a 102.00 con radio ±14.32 Y colesterol = normal Y fumador = no Y alcohol = no => enfermedad_cardiovascular = no,0.001,0.60,triangular,"peso_kg(c=0.545, r=0.120) Y presion_diastolica(c=0.441, r=0.095)",2,0.030254801191168027,0.001556990691757795,0.7476754588338494,0.15830253459317825,0.7009256272866977,0.1294922029386421,3,0.9909806087528602,alta
144,RD_0732,presion_diastolica cercana a 73.27 con radio ±19.49 => enfermedad_cardiovascular = no,0.001,0.60,gaussiana,"presion_sistolica(c=0.465, r=0.093) Y colesterol=3",2,0.009812722434198111,0.017206126796121032,0.7473967619269787,0.0993260790929605,0.5864344292865844,0.05019856582841968,1,0.0,alta
44,RD_0138,edad_anios cercana a 42.31 con radio ±4.28 => enfermedad_cardiovascular = no,0.001,0.60,triangular,"presion_sistolica(c=0.690, r=0.246) Y glucosa=1 Y fumador=0",3,0.04249361969351573,0.010738911677097519,0.7472122263174106,0.36540990444055715,0.646684697151297,0.2628398035747799,2,0.880215897230953,alta
28,RD_1105,edad_anios cercana a 52.27 con radio ±2.26 Y colesterol = normal Y glucosa = normal Y alcohol = no => enfermedad_cardiovascular = no,0.001,0.60,triangular,"presion_sistolica(c=0.609, r=0.111)",1,0.046883958607603075,0.006298331446446763,0.7463087985447882,0.2714189453169797,0.5959009877867484,0.15735486118838643,1,0.0,alta
51,RD_1119,altura_cm cercana a 159.77 con radio ±5.83 Y sexo = mujer Y colesterol = normal Y actividad_fisica = no => enfermedad_cardiovascular = no,0.001,0.60,gaussiana,"presion_sistolica(c=0.654, r=0.218)",1,0.04139732759908681,0.0020299591143982374,0.7434848819397065,0.24991353193060975,0.5878246821128476,0.14084923229249352,2,0.8981192888591553,alta
58,RD_1119,altura_cm cercana a 159.77 con radio ±5.83 Y sexo = mujer Y colesterol = normal Y actividad_fisica = no => enfermedad_cardiovascular = no,0.001,0.60,gaussiana,"presion_sistolica(c=0.616, r=0.156)",1,0.03982939002169636,0.0019777653160363063,0.7412469540951957,0.24348781803273598,0.5842287200982308,0.13634862050259886,2,0.9746357852294057,alta
4,RD_0138,edad_anios cercana a 42.31 con radio ±4.28 => enfermedad_cardiovascular = no,0.001,0.60,triangular,"presion_sistolica(c=0.634, r=0.183)",1,0.12014914566534121,0.014572430167480587,0.7403661198734295,0.49585195176919217,0.6371160612305311,0.3771656468156969,3,0.9167711538102256,alta
95,RD_0820,sexo = mujer Y colesterol = arriba_de_lo_normal => enfermedad_cardiovascular = si,0.001,0.60,gaussiana,"presion_diastolica(c=0.082, r=0.270)",1,0.02239519226732212,0.005480603534506255,0.7373436273526373,0.14235333855860402,0.584127409975009,0.0766791350136446,1,0.0,alta
130,RD_0052,presion_sistolica cercana a 102.00 con radio ±12.57 => enfermedad_cardiovascular = no,0.001,0.60,triangular,"peso_kg(c=0.617, r=0.193) Y presion_diastolica(c=0.488, r=0.091) Y alcohol=0",3,0.012633644807379774,0.0017823467279054583,0.7318157863253579,0.1067565482303807,0.6558856026389359,0.07704785564158557,1,0.0,alta
68,RD_1181,sexo = mujer Y colesterol = normal Y alcohol = no Y actividad_fisica = no => enfermedad_cardiovascular = no,0.001,0.60,gaussiana,"presion_sistolica(c=0.598, r=0.150)",1,0.03437800519897757,0.00833945536835665,0.7307335778758702,0.23491423572835632,0.5553398533729966,0.12380888924205272,1,0.0,alta
49,RD_1181,sexo = mujer Y colesterol = normal Y alcohol = no Y actividad_fisica = no => enfermedad_cardiovascular = no,0.001,0.60,gaussiana,"presion_sistolica(c=0.638, r=0.222)",1,0.041782913123946275,0.00990407821769418,0.7296972316543987,0.2789881188082868,0.5536284559430437,0.15094207198137527,3,0.9167474599013717,alta
159,RD_0356,presion_sistolica cercana a 111.46 con radio ±24.60 => enfermedad_cardiovascular = no,0.001,0.60,triangular,"presion_diastolica(c=0.489, r=0.089) Y colesterol=3",2,0.007646919205320546,0.010191867436499257,0.7276421775807109,0.06977909013792323,0.5902147318790331,0.03886849374790503,1,0.0,alta
22,RD_1037,edad_anios cercana a 52.27 con radio ±2.26 Y colesterol = normal Y glucosa = normal Y alcohol = no => enfermedad_cardiovascular = no,0.001,0.60,gaussiana,"presion_sistolica(c=0.603, r=0.133)",1,0.05104868787638665,0.005615900743084215,0.7273979160125179,0.2976908773456917,0.575730778689107,0.1773352746317313,1,0.0,alta
88,RD_0820,sexo = mujer Y colesterol = arriba_de_lo_normal => enfermedad_cardiovascular = si,0.001,0.60,gaussiana,"presion_diastolica(c=0.182, r=0.193)",1,0.026382378171022472,0.006767033539277251,0.7212145215130465,0.17576710491629224,0.5585896590623237,0.09446067517722845,1,0.0,alta
37,RD_1180,sexo = mujer Y colesterol = normal Y alcohol = no Y actividad_fisica = no => enfermedad_cardiovascular = no,0.001,0.60,triangular,"presion_sistolica(c=0.642, r=0.206)",1,0.044088541679340856,0.010749115898210378,0.7198331504649457,0.3027919971326867,0.537339147556791,0.1640994961182543,11,0.9913096588034204,alta
29,RD_1139,altura_cm cercana a 159.77 con radio ±5.83 Y sexo = mujer Y colesterol = normal Y actividad_fisica = no => enfermedad_cardiovascular = no,0.001,0.60,triangular,"presion_sistolica(c=0.657, r=0.194)",1,0.04586605541911532,0.0030040801176277297,0.7181145277051028,0.30335298556049434,0.5431433606910492,0.16889115743128766,2,0.8564509589008384,alta
163,RD_0356,presion_sistolica cercana a 111.46 con radio ±24.60 => enfermedad_cardiovascular = no,0.001,0.60,triangular,"altura_cm(c=0.507, r=0.122) Y colesterol=3 Y alcohol=0",3,0.006860732902699622,0.012584546928145738,0.7170376992498924,0.08616068055390963,0.574259401653975,0.047788388891427266,1,0.0,alta
69,RD_1139,altura_cm cercana a 159.77 con radio ±5.83 Y sexo = mujer Y colesterol = normal Y actividad_fisica = no => enfermedad_cardiovascular = no,0.001,0.60,triangular,"presion_sistolica(c=0.598, r=0.103)",1,0.03243628304719924,0.0022429396558836176,0.7166315532398914,0.22649277462733755,0.5407398784369205,0.11997000532293113,1,0.0,alta
108,RD_0763,colesterol = arriba_de_lo_normal Y fumador = no => enfermedad_cardiovascular = si,0.001,0.60,gaussiana,"presion_diastolica(c=0.160, r=0.300) Y glucosa=1",2,0.01727761342160703,0.00791669879393666,0.7155893903229003,0.16844039987099274,0.559246715997477,0.09268331629336726,1,0.0,alta
165,RD_0146,presion_sistolica cercana a 102.00 con radio ±27.78 => enfermedad_cardiovascular = no,0.001,0.60,triangular,"presion_diastolica(c=0.416, r=0.105) Y sexo=1 Y colesterol=3",3,0.006633989976277036,0.005763192482680948,0.7154054945640376,0.07245439692684755,0.5987664014692521,0.04431771695939225,1,0.0,alta
137,RD_0356,presion_sistolica cercana a 111.46 con radio ±24.60 => enfermedad_cardiovascular = no,0.001,0.60,triangular,"presion_diastolica(c=0.465, r=0.083) Y colesterol=3",2,0.010906512403720947,0.01508516317636456,0.713413431898965,0.10328126494847584,0.5688063863708104,0.057523153739403796,1,0.0,alta
45,RD_1119,altura_cm cercana a 159.77 con radio ±5.83 Y sexo = mujer Y colesterol = normal Y actividad_fisica = no => enfermedad_cardiovascular = no,0.001,0.60,gaussiana,"presion_sistolica(c=0.615, r=0.185)",1,0.04211824260021612,0.0022923004665960692,0.7133999265961011,0.2822110562670285,0.5394833752684818,0.15614287494681503,25,0.9970612989315526,alta
14,RD_1037,edad_anios cercana a 52.27 con radio ±2.26 Y colesterol = normal Y glucosa = normal Y alcohol = no => enfermedad_cardiovascular = no,0.001,0.60,gaussiana,"presion_sistolica(c=0.638, r=0.199)",1,0.055847575307895976,0.0063503032850921485,0.7129177455719153,0.33662050716945185,0.5531943015374299,0.2019094381582933,2,0.98490739858918,alta
11,RD_1037,edad_anios cercana a 52.27 con radio ±2.26 Y colesterol = normal Y glucosa = normal Y alcohol = no => enfermedad_cardiovascular = no,0.001,0.60,gaussiana,"presion_sistolica(c=0.613, r=0.182)",1,0.06076721721555535,0.006837739863316149,0.7115813869414834,0.3624588239880988,0.5511144354291743,0.22052486129576174,9,0.9792282713851723,alta
124,RD_0052,presion_sistolica cercana a 102.00 con radio ±12.57 => enfermedad_cardiovascular = no,0.001,0.60,triangular,"presion_diastolica(c=0.392, r=0.110) Y colesterol=3",2,0.013969332560735079,0.0015646016024066722,0.7112339560637194,0.09371435075651495,0.6294765011484811,0.06657595256652793,1,0.0,alta
132,RD_0732,presion_diastolica cercana a 73.27 con radio ±19.49 => enfermedad_cardiovascular = no,0.001,0.60,gaussiana,colesterol=3 Y actividad_fisica=1,2,0.012301030104392475,0.02490596742974689,0.7092316494700754,0.1437750703645539,0.5239499709123091,0.07043246943772369,6,1.0,alta
138,RD_0732,presion_diastolica cercana a 73.27 con radio ±19.49 => enfermedad_cardiovascular = no,0.001,0.60,gaussiana,sexo=1 Y colesterol=3,2,0.010488446704161977,0.021713754701137622,0.706849793349413,0.12534733367980042,0.5200503626039854,0.06050440952474936,4,1.0,alta
172,RD_0077,colesterol = muy_arriba_de_lo_normal => enfermedad_cardiovascular = si,0.001,0.60,gaussiana,"edad_anios(c=0.433, r=0.102) Y altura_cm(c=0.664, r=0.228) Y glucosa=3",3,0.005205619857968154,0.0015217934375215346,0.7064784417848586,0.05247563577660465,0.606921422039372,0.03430836130632051,1,0.0,alta
6,RD_0138,edad_anios cercana a 42.31 con radio ±4.28 => enfermedad_cardiovascular = no,0.001,0.60,triangular,"presion_sistolica(c=0.668, r=0.243) Y glucosa=1",2,0.06916696087160962,0.014076528459952253,0.7040164084204605,0.47897804489590146,0.5863109565240243,0.35390926999728756,1,0.0,alta
81,RD_1105,edad_anios cercana a 52.27 con radio ±2.26 Y colesterol = normal Y glucosa = normal Y alcohol = no => enfermedad_cardiovascular = no,0.001,0.60,triangular,"presion_sistolica(c=0.574, r=0.076)",1,0.029478184245266104,0.00488148471441459,0.7040055665423597,0.21036165594537434,0.5285171204411268,0.1115505367949562,1,0.0,alta
33,RD_1105,edad_anios cercana a 52.27 con radio ±2.26 Y colesterol = normal Y glucosa = normal Y alcohol = no => enfermedad_cardiovascular = no,0.001,0.60,triangular,"presion_sistolica(c=0.602, r=0.115)",1,0.04482089253016583,0.007066949941305714,0.7020263065159923,0.30454162598241746,0.5253644016358219,0.17062782476546742,4,0.8979403758813066,alta
